time,T_K,beta_B,disruption
0.0,12176188.41749303,12237.069359580497,1
0.01001001001001001,11461500.638581341,11518.808141774249,0
0.02002002002002002,12395092.294275623,12457.067755747,0
0.03003003003003003,13432372.854083253,13499.53471835367,0
0.04004004004004004,11415922.339275958,11473.001950972339,0
0.050050050050050046,11437819.95433749,11495.009054109178,0
0.06006006006006006,13563179.932510508,13630.995832173061,0
0.07007007007007007,12643386.400855264,12706.60333285954,0
0.08008008008008008,11230434.81717997,11286.58699126587,0
0.09009009009009009,12426250.821719315,12488.382075827913,0
0.10010010010010009,11281164.925692342,11337.570750320805,0
0.11011011011011011,11300322.561048353,11356.824173853594,0
0.12012012012012012,12143075.419763356,12203.790796862173,0
0.13013013013013014,9664813.830680914,9713.137899834319,0
0.14014014014014015,9905122.715555374,9954.648329133151,0
0.15015015015015015,11275570.248500613,11331.948099743116,0
0.16016016016016016,10774723.096137613,10828.596711618302,0
0.17017017017017017,12335903.685302848,12397.583203729362,0
0.18018018018018017,10939823.744968567,10994.52286369341,0
0.19019019019019018,10376598.720852947,10428.481714457212,0
0.20020020020020018,13736746.516976433,13805.430249561316,0
0.21021021021021022,11796399.096583588,11855.381092066506,0
0.22022022022022023,12158319.853582826,12219.11145285074,0
0.23023023023023023,10448947.784108885,10501.19252302943,0
0.24024024024024024,11491820.419463288,11549.279521560606,0
0.2502502502502503,12273602.583230825,12334.970596146979,0
0.2602602602602603,10831386.272524657,10885.54320388728,0
0.2702702702702703,12623932.556001013,12687.052218781018,0
0.2802802802802803,11512942.74221069,11570.507455921745,0
0.2902902902902903,11892855.523076624,11952.319800692007,0
0.3003003003003003,11554752.283561813,11612.526044979622,0
0.3103103103103103,14422860.508334773,14494.974810876447,0
0.3203203203203203,12280020.223886315,12341.420325005747,0
0.3303303303303303,11090163.998123845,11145.614818114465,0
0.34034034034034033,13292664.077954827,13359.1273983446,0
0.35035035035035034,10943707.43656498,10998.425973747806,0
0.36036036036036034,12623511.87226427,12686.629431625592,0
0.37037037037037035,10129325.886483153,10179.97251591557,0
0.38038038038038036,10883128.795092866,10937.54443906833,0
0.39039039039039036,12673432.438725667,12736.799600919296,0
0.40040040040040037,13322910.00233946,13389.524552351158,0
0.41041041041041043,12686257.072053446,12749.688357413714,0
0.42042042042042044,12374463.848663706,12436.336167907026,0
0.43043043043043044,12180445.61726456,12241.347845350883,0
0.44044044044044045,10835713.665731248,10889.892234059904,0
0.45045045045045046,11736815.552121187,11795.499629881793,0
0.46046046046046046,12058491.075624341,12118.783531002464,0
0.47047047047047047,13840051.774612848,13909.252033485913,0
0.4804804804804805,13033305.047501175,13098.471572738681,0
0.4904904904904905,10610458.160470929,10663.510451273283,0
0.5005005005005005,13052357.298131226,13117.619084621881,0
0.5105105105105106,12250517.020959822,12311.769606064621,0
0.5205205205205206,11932732.115665909,11992.395776244239,0
0.5305305305305306,13448211.077240452,13515.452132626655,0
0.5405405405405406,13955285.931797663,14025.062361456652,0
0.5505505505505506,13860225.46749626,13929.52659483374,0
0.5605605605605606,11827015.570666913,11886.150648520248,0
0.5705705705705706,12462341.420975221,12524.653128080097,0
0.5805805805805806,13225764.93610966,13291.893760790208,0
0.5905905905905906,13993554.171422139,14063.52194227925,0
0.6006006006006006,12326452.258039132,12388.084519329328,0
0.6106106106106106,12687251.78680556,12750.68804573959,0
0.6206206206206206,11639537.927623123,11697.735617261238,0
0.6306306306306306,11555504.781370165,11613.282305277016,0
0.6406406406406406,13905799.257444253,13975.328253731475,0
0.6506506506506506,14556618.647434171,14629.401740671343,0
0.6606606606606606,12919904.661211068,12984.504184517124,0
0.6706706706706707,14187535.235508543,14258.472911686085,0
0.6806806806806807,13462879.22730207,13530.193623438581,0
0.6906906906906907,12314929.790834922,12376.504439789098,0
0.7007007007007007,13502316.993445836,13569.828578413066,0
0.7107107107107107,14886991.2255868,14961.426181714734,0
0.7207207207207207,13081021.871022483,13146.426980377597,0
0.7307307307307307,14957217.755785806,15032.003844564735,0
0.7407407407407407,10122916.826353505,10173.531410485273,0
0.7507507507507507,14134756.302703435,14205.430084216952,0
0.7607607607607607,13301789.693303445,13368.298641769963,0
0.7707707707707707,12873368.940102564,12937.735784803077,0
0.7807807807807807,13345998.248390086,13412.728239632037,0
0.7907907907907907,10953249.231136533,11008.015477292216,0
0.8008008008008007,13023217.587739613,13088.333675678312,0
0.8108108108108109,13711428.987425074,13779.986132362199,0
0.8208208208208209,15030609.787310328,15105.76283624688,0
0.8308308308308309,12734065.642721219,12797.735970934826,0
0.8408408408408409,12416344.274797712,12478.4259961717,0
0.8508508508508509,12791027.050429817,12854.982185681967,0
0.8608608608608609,14453729.906572433,14525.998556105296,0
0.8708708708708709,13791942.084901128,13860.901795325633,0
0.8808808808808809,12814724.68678723,12878.798310221167,0
0.8908908908908909,14043220.110861529,14113.436211415838,0
0.9009009009009009,13578950.115709819,13646.84486628837,0
0.9109109109109109,14608404.790005852,14681.446813955881,0
0.9209209209209209,12688756.897820095,12752.200682309196,0
0.9309309309309309,13141336.999255272,13207.043684251548,0
0.9409409409409409,13084790.227757212,13150.214178895998,0
0.950950950950951,11860092.214766903,11919.392675840738,0
0.960960960960961,13919325.50100449,13988.922128509512,0
0.970970970970971,13896628.3618829,13966.111503692317,0
0.980980980980981,13617635.252766544,13685.723429030377,0
0.990990990990991,13357402.38756266,13424.189399500474,0
1.001001001001001,12005432.93812032,12065.460102810923,0
1.011011011011011,13176972.976787103,13242.857841671039,0
1.021021021021021,13284949.581469372,13351.374329376718,0
1.031031031031031,12769351.279643646,12833.198036041864,0
1.0410410410410411,13530312.907527307,13597.964472064945,0
1.0510510510510511,14203430.989152847,14274.448144098611,0
1.0610610610610611,15939950.858472645,16019.650612765008,0
1.0710710710710711,13971643.567309929,14041.50178514648,0
1.0810810810810811,14084964.043827241,14155.388864046377,0
1.0910910910910911,13716834.133936584,13785.418304606268,0
1.1011011011011012,11594315.43967394,11652.28701687231,0
1.1111111111111112,13806144.786188066,13875.175510119007,0
1.1211211211211212,13923490.27162972,13993.10772298787,0
1.1311311311311312,16727617.277578766,16811.25536396666,0
1.1411411411411412,13663661.101590676,13731.97940709863,0
1.1511511511511512,14253047.671714932,14324.312910073508,0
1.1611611611611612,13879348.925016573,13948.745669641656,0
1.1711711711711712,12580218.119667683,12643.119210266022,0
1.1811811811811812,15277736.77213955,15354.125456000247,0
1.1911911911911912,14840389.247832937,14914.591194072102,0
1.2012012012012012,14901734.933453491,14976.24360812076,0
1.2112112112112112,12945145.062082455,13009.870787392867,0
1.2212212212212212,15643077.606055591,15721.29299408587,0
1.2312312312312312,12405395.104147192,12467.42207966793,0
1.2412412412412412,14727906.512009094,14801.546044569139,0
1.2512512512512513,16603593.952464612,16686.611922226937,0
1.2612612612612613,12929059.01614837,12993.704311229112,0
1.2712712712712713,13436493.48738087,13503.675954817774,0
1.2812812812812813,14224213.50535922,14295.334572886017,0
1.2912912912912913,13539705.996911393,13607.40452689595,0
1.3013013013013013,12339988.177068502,12401.688117953845,0
1.3113113113113113,14233210.382738005,14304.376434651696,0
1.3213213213213213,12936223.582158256,13000.904700069048,0
1.3313313313313313,14732580.064811531,14806.242965135589,0
1.3413413413413413,13131295.503670407,13196.95198118876,0
1.3513513513513513,16010263.532099826,16090.314849760325,0
1.3613613613613613,13318174.472801544,13384.765345165551,0
1.3713713713713713,13867461.695510365,13936.799003987917,0
1.3813813813813813,15198933.315761732,15274.927982340541,0
1.3913913913913913,12841545.991034096,12905.753720989267,0
1.4014014014014013,14547191.784332352,14619.927743254015,0
1.4114114114114114,15813507.37146863,15892.574908325973,0
1.4214214214214214,12446318.045739522,12508.54963596822,0
1.4314314314314314,14538843.455102922,14611.537672378437,0
1.4414414414414414,14639694.021221304,14712.892491327411,0
1.4514514514514514,15258597.994686209,15334.89098465964,0
1.4614614614614614,12930165.272996727,12994.816099361711,0
1.4714714714714714,12846533.683409173,12910.76635182622,0
1.4814814814814814,14996840.926903153,15071.82513153767,0
1.4914914914914914,14748905.867963187,14822.650397303003,0
1.5015015015015014,14707879.354827005,14781.41875160114,0
1.5115115115115114,14831980.127595082,14906.140028233058,0
1.5215215215215214,13653952.132400261,13722.221893062264,0
1.5315315315315314,14724763.250079429,14798.387066329826,0
1.5415415415415414,14807768.232266178,14881.80707342751,0
1.5515515515515514,13651498.277426915,13719.75576881405,0
1.5615615615615615,16656672.183386529,16739.955544303462,0
1.5715715715715715,15054133.352160078,15129.404018920879,0
1.5815815815815815,13134573.626739115,13200.24649487281,0
1.5915915915915915,15289971.020619417,15366.420875722515,0
1.6016016016016015,13409505.40970255,13476.552936751064,0
1.6116116116116117,15464805.296037795,15542.129322517985,0
1.6216216216216217,15907292.270960512,15986.828732315314,0
1.6316316316316317,13622746.932460118,13690.860667122419,0
1.6416416416416417,15703554.081301207,15782.071851707713,0
1.6516516516516517,15076044.87647486,15151.425100857234,0
1.6616616616616617,15561871.45459394,15639.68081186691,0
1.6716716716716717,16819505.19696183,16903.60272294664,0
1.6816816816816818,14345399.358011313,14417.12635480137,0
1.6916916916916918,13766419.996641606,13835.252096624814,0
1.7017017017017018,13619501.299445767,13687.598805942996,0
1.7117117117117118,13715461.494881263,13784.03880235567,0
1.7217217217217218,14582705.713361315,14655.619241928123,0
1.7317317317317318,15078100.73200723,15153.491235667267,0
1.7417417417417418,15013424.583173022,15088.491706088887,0
1.7517517517517518,15661972.309871813,15740.282171421173,0
1.7617617617617618,14727375.696274344,14801.012574755716,0
1.7717717717717718,16408123.67778174,16490.16429617065,0
1.7817817817817818,14424629.369265119,14496.752516111444,0
1.7917917917917918,17896510.797532197,17985.993351519857,0
1.8018018018018018,15476247.701954845,15553.62894046462,0
1.8118118118118118,13765405.202937933,13834.232228952624,0
1.8218218218218218,13526582.070749395,13594.214981103141,0
1.8318318318318318,15337469.420244075,15414.156767345296,0
1.8418418418418419,14527442.9322026,14600.080146863613,0
1.8518518518518519,15623632.625090182,15701.750788215633,0
1.8618618618618619,15352953.583929278,15429.718351848926,0
1.8718718718718719,14727995.546514234,14801.635524246805,0
1.8818818818818819,13838548.440888088,13907.741183092528,0
1.8918918918918919,13071831.034356248,13137.19018952803,0
1.901901901901902,14319193.398885796,14390.789365880226,0
1.911911911911912,15838542.21984461,15917.734930943832,0
1.921921921921922,15101308.868392723,15176.815412734686,0
1.931931931931932,13415614.970144777,13482.693044995502,0
1.941941941941942,15069144.672104163,15144.490395464685,0
1.951951951951952,15322676.519728122,15399.289902326764,0
1.961961961961962,13857757.715991788,13927.046504571746,0
1.971971971971972,15068547.57952346,15143.890317421077,0
1.981981981981982,14964812.531984458,15039.63659464438,0
1.991991991991992,13578378.402951228,13646.270294965983,0
2.002002002002002,15326060.109901464,15402.690410450972,0
2.012012012012012,15568208.670460606,15646.04971381291,0
2.022022022022022,16180578.67052536,16261.481563877987,0
2.032032032032032,16153058.71923447,16233.824012830642,0
2.042042042042042,13338829.230811557,13405.523376965615,0
2.052052052052052,13855194.010128135,13924.469980178776,0
2.062062062062062,15546525.08210553,15624.257707516059,0
2.0720720720720722,15550956.509978365,15628.711292528258,0
2.0820820820820822,15558168.04425245,15635.958884473712,0
2.0920920920920922,19435496.237582047,19532.67371876996,0
2.1021021021021022,15634042.518065875,15712.212730656205,0
2.1121121121121122,16294414.105618387,16375.88617614648,0
2.1221221221221223,16089014.854545888,16169.459928818618,0
2.1321321321321323,15743067.708545614,15821.783047088342,0
2.1421421421421423,14626688.582644578,14699.822025557802,0
2.1521521521521523,15877618.057163205,15957.006147449021,0
2.1621621621621623,14105414.982674366,14175.942057587738,0
2.1721721721721723,14731726.547981828,14805.385180721738,0
2.1821821821821823,14447823.566951415,14520.062684786171,0
2.1921921921921923,15110093.51071052,15185.643978264074,0
2.2022022022022023,17704262.579832017,17792.78389273118,0
2.2122122122122123,12857234.895698614,12921.521070177108,0
2.2222222222222223,15823192.801316917,15902.308765323502,0
2.2322322322322323,13160113.463016942,13225.914030332027,0
2.2422422422422423,14487020.086469252,14559.455186901598,0
2.2522522522522523,16301105.062233964,16382.610587545134,0
2.2622622622622623,15115812.515727492,15191.39157830613,0
2.2722722722722724,13794252.94832077,13863.224213062374,0
2.2822822822822824,14217737.532280058,14288.826219941458,0
2.2922922922922924,15838739.794483121,15917.933493455537,0
2.3023023023023024,14205961.194646873,14276.991000620108,0
2.3123123123123124,15306921.93412357,15383.45654379419,0
2.3223223223223224,15111200.0837473,15186.756084166036,0
2.3323323323323324,14304850.322805617,14376.374574419646,0
2.3423423423423424,17549914.9497843,17637.664524533222,0
2.3523523523523524,15800381.967428686,15879.383877265831,0
2.3623623623623624,12717829.528708143,12781.418676351685,0
2.3723723723723724,15285103.816879017,15361.529335963412,0
2.3823823823823824,14302829.177886128,14374.34332377556,0
2.3923923923923924,16060871.52676661,16141.175884400443,0
2.4024024024024024,14154134.838110818,14224.905512301371,0
2.4124124124124124,14941637.258007815,15016.345444297855,0
2.4224224224224224,15661651.957928227,15739.96021771787,0
2.4324324324324325,16081140.427629635,16161.546129767783,0
2.4424424424424425,13685380.722702993,13753.80762631651,0
2.4524524524524525,14690425.704196239,14763.87783271722,0
2.4624624624624625,14528095.561514243,14600.736039321815,0
2.4724724724724725,14321617.57602938,14393.225663909529,0
2.4824824824824825,17127716.128863096,17213.354709507414,0
2.4924924924924925,15549740.067890193,15627.488768229645,0
2.5025025025025025,13617370.311094865,13685.45716265034,0
2.5125125125125125,16144612.3122033,16225.335373764316,0
2.5225225225225225,17541352.742282942,17629.05950599436,0
2.5325325325325325,16276932.710277796,16358.317373829186,0
2.5425425425425425,13316287.670957904,13382.869109312694,0
2.5525525525525525,14516391.519920308,14588.97347751991,0
2.5625625625625625,16546928.60589884,16629.663248928337,0
2.5725725725725725,14255486.167842934,14326.76359868215,0
2.5825825825825826,15590146.843195694,15668.097577411672,0
2.5925925925925926,15972687.892762044,16052.551332225856,0
2.6026026026026026,13997531.701267712,14067.51935977405,0
2.6126126126126126,15002242.919117171,15077.254133712757,0
2.6226226226226226,11309806.186349718,11366.355217281467,0
2.6326326326326326,13879633.354319394,13949.03152109099,0
2.6426426426426426,14773053.498200016,14846.918765691016,0
2.6526526526526526,13616576.491179137,13684.659373635033,0
2.6626626626626626,16955437.496360093,17040.214683841896,0
2.6726726726726726,13400574.845630655,13467.57771985881,0
2.6826826826826826,14546648.849529479,14619.382093777127,0
2.6926926926926926,15206184.380006513,15282.215301906546,0
2.7027027027027026,16723690.530017586,16807.308982667673,0
2.7127127127127126,13383365.07904004,13450.28190443524,0
2.7227227227227226,16395250.354649121,16477.226606422366,0
2.7327327327327327,15054729.666776879,15130.003315110764,0
2.7427427427427427,13901052.004188862,13970.557264209807,0
2.7527527527527527,15572248.73137502,15650.109975031895,0
2.7627627627627627,15263588.68256631,15339.906625979142,0
2.7727727727727727,14332762.804923104,14404.42661894772,0
2.7827827827827827,15106184.104976544,15181.715025501428,0
2.7927927927927927,14574313.72556941,14647.185294197257,0
2.8028028028028027,15148886.093246773,15224.630523713007,0
2.8128128128128127,15781070.854370153,15859.976208642003,0
2.8228228228228227,16848437.068574894,16932.67925391777,0
2.8328328328328327,13568315.03562442,13636.156610802544,0
2.8428428428428427,17473888.520859264,17561.257963463562,0
2.8528528528528527,12730402.272790696,12794.05428415465,0
2.8628628628628627,14813873.433685526,14887.942800853954,0
2.8728728728728727,15667378.029889107,15745.714920038552,0
2.8828828828828827,15305732.664473547,15382.261327795915,0
2.8928928928928928,14252168.987176865,14323.42983211275,0
2.9029029029029028,14727663.465684935,14801.301783013361,0
2.9129129129129128,14391655.765697736,14463.614044526226,0
2.9229229229229228,14274192.253002409,14345.563214267422,0
2.932932932932933,15937579.496855205,16017.267394339482,0
2.942942942942943,15360232.123379452,15437.03328399635,0
2.952952952952953,14136239.76184674,14206.920960655974,0
2.962962962962963,15977339.358360473,16057.226055152276,0
2.972972972972973,15283927.68110946,15360.347319515007,0
2.982982982982983,15863905.40322924,15943.224930245387,0
2.992992992992993,15644748.541069282,15722.972283774629,0
3.003003003003003,13946007.502734784,14015.737540248458,0
3.013013013013013,14250963.498159604,14322.218315650403,0
3.023023023023023,15760635.30622027,15839.438482751373,0
3.033033033033033,15594675.158628102,15672.648534421243,0
3.043043043043043,14855140.717141015,14929.41642072672,0
3.053053053053053,15008097.522308148,15083.13800991969,0
3.063063063063063,16346570.796713231,16428.3036506968,0
3.073073073073073,14170609.332277702,14241.462378939092,0
3.083083083083083,15483688.89952299,15561.107344020606,0
3.093093093093093,14606607.730496975,14679.64076914946,0
3.103103103103103,14580608.070137607,14653.511110488296,0
3.113113113113113,16099538.579115532,16180.03627201111,0
3.123123123123123,15774151.989755148,15853.022749703925,0
3.133133133133133,15751924.553865323,15830.68417663465,0
3.143143143143143,16314066.233536936,16395.636564704622,0
3.153153153153153,14815406.142544126,14889.483173256847,0
3.163163163163163,15573311.772771334,15651.178331635192,0
3.173173173173173,14413415.646967908,14485.482725202748,0
3.183183183183183,15140311.283678923,15216.012840097317,0
3.193193193193193,14604140.431397062,14677.161133554047,0
3.203203203203203,14858324.94583937,14932.616570568567,0
3.2132132132132134,15426770.588006709,15503.904440946742,0
3.2232232232232234,13777707.190746311,13846.595726700043,0
3.2332332332332334,17144343.478219822,17230.06519561092,0
3.2432432432432434,13540401.823820844,13608.103832939949,0
3.2532532532532534,13289008.023626463,13355.453063744597,0
3.2632632632632634,16030837.72820202,16110.991916843032,0
3.2732732732732734,15595598.009867553,15673.575999916891,0
3.2832832832832834,15390966.713922627,15467.92154749224,0
3.2932932932932935,15385465.636214599,15462.392964395673,0
3.3033033033033035,14631854.797856366,14705.014071845648,0
3.3133133133133135,13594601.698184248,13662.57470667517,0
3.3233233233233235,14712585.698279677,14786.148626771075,0
3.3333333333333335,13828260.819815798,13897.402123914877,0
3.3433433433433435,15733904.073599631,15812.573593967629,0
3.3533533533533535,14421056.616486512,14493.161899568946,0
3.3633633633633635,13622826.085429532,13690.94021585668,0
3.3733733733733735,14196237.015195537,14267.218200271516,0
3.3833833833833835,15036569.388703313,15111.752235646829,0
3.3933933933933935,13892055.737096002,13961.516015781483,0
3.4034034034034035,13580491.341046993,13648.393797752227,0
3.4134134134134135,14805118.874926338,14879.14446930097,0
3.4234234234234235,14794662.037687017,14868.635347875452,0
3.4334334334334335,13910390.705639381,13979.942659167578,0
3.4434434434434436,13939869.673590034,14009.569021957985,0
3.4534534534534536,14743167.18108799,14816.88301699343,0
3.4634634634634636,12781812.87582696,12845.721940206096,0
3.4734734734734736,12816420.994916277,12880.503099890859,0
3.4834834834834836,13603059.235719366,13671.074531897963,0
3.4934934934934936,14176119.192905031,14246.999788869556,0
3.5035035035035036,14771522.322670532,14845.379934283885,0
3.5135135135135136,16109323.225338433,16189.869841465126,0
3.5235235235235236,15379724.965750378,15456.62359057913,0
3.5335335335335336,14186130.736319577,14257.061390001176,0
3.5435435435435436,14336310.618613945,14407.992171707016,0
3.5535535535535536,13182036.231685698,13247.946412844127,0
3.5635635635635636,14309987.348013515,14381.537284753582,0
3.5735735735735736,13983002.806260433,14052.917820291736,0
3.5835835835835836,14678477.088190548,14751.869473631501,0
3.5935935935935936,13330705.426472042,13397.358953604402,0
3.6036036036036037,14878798.619398382,14953.192612495373,0
3.6136136136136137,16040291.274236446,16120.49273060763,0
3.6236236236236237,14122004.52109265,14192.614543698113,0
3.6336336336336337,14699899.294612143,14773.398791085205,0
3.6436436436436437,15020123.940357774,15095.224560059563,0
3.6536536536536537,13739680.752818197,13808.379156582288,0
3.6636636636636637,14450480.31859178,14522.732720184738,0
3.6736736736736737,14190474.289429646,14261.426660876794,0
3.6836836836836837,14274403.549161326,14345.775566907134,0
3.6936936936936937,13249538.7855615,13315.786479489308,0
3.7037037037037037,14159692.074814584,14230.490535188657,0
3.7137137137137137,14693868.298378773,14767.337639870668,0
3.7237237237237237,15784347.339584762,15863.269076282686,0
3.7337337337337337,15198506.453024874,15274.498985289998,0
3.7437437437437437,16568077.155898022,16650.91754167751,0
3.7537537537537538,13164797.820717778,13230.621809821367,0
3.7637637637637638,15051251.310547227,15126.507567099963,0
3.7737737737737738,14236377.98226778,14307.55987217912,0
3.7837837837837838,16548118.66657436,16630.859259907233,0
3.793793793793794,13054472.009417329,13119.744369464415,0
3.803803803803804,13002076.814798199,13067.08719887219,0
3.813813813813814,13264820.819919975,13331.144924019576,0
3.823823823823824,11480266.025366917,11537.667355493752,0
3.833833833833834,13317885.295480618,13384.474721958022,0
3.843843843843844,13030851.208201248,13096.005464242255,0
3.853853853853854,14069494.428217318,14139.841900358406,0
3.863863863863864,14274976.322471783,14346.351204084142,0
3.873873873873874,16038309.18571712,16118.500731645707,0
3.883883883883884,14947764.809362471,15022.503633409284,0
3.893893893893894,13159298.244253743,13225.094735475013,0
3.903903903903904,12769490.639974363,12833.338093174236,0
3.913913913913914,14365335.584495645,14437.162262418124,0
3.923923923923924,12246209.69530034,12307.440743776842,0
3.933933933933934,15885057.110445539,15964.482395997768,0
3.943943943943944,15111514.742450478,15187.07231616273,0
3.953953953953954,13181834.920496613,13247.744095099097,0
3.963963963963964,11721472.995651728,11780.080360629987,0
3.973973973973974,15261747.960919546,15338.056700724144,0
3.983983983983984,13540854.01931293,13608.558289409495,0
3.993993993993994,15091969.363709949,15167.429210528499,0
4.004004004004004,11788867.225644132,11847.811561772352,0
4.014014014014014,12925348.517385172,12989.975259972098,0
4.024024024024024,13608846.539312309,13676.89077200887,0
4.034034034034034,13639322.415978197,13707.519028058088,0
4.044044044044044,13044731.545427643,13109.955203154781,0
4.054054054054054,14271218.17728193,14342.574268168339,0
4.064064064064064,12292100.23517292,12353.560736348785,0
4.074074074074074,13347131.041061705,13413.866696267014,0
4.084084084084084,13633509.841703698,13701.677390912217,0
4.094094094094094,14072316.7013217,14142.67828482831,0
4.104104104104104,14282567.464782499,14353.980302106413,0
4.114114114114114,12133962.470304333,12194.632282655855,0
4.124124124124124,11640355.22133767,11698.556997444359,0
4.134134134134134,14883341.143809607,14957.757849528656,0
4.1441441441441444,13767957.403173164,13836.79719018903,0
4.1541541541541545,12495395.375803985,12557.872352683005,0
4.1641641641641645,15144072.893810995,15219.793258280051,0
4.1741741741741745,13459947.004801393,13527.2467398254,0
4.1841841841841845,14674708.72266318,14748.082266276497,0
4.1941941941941945,13365937.474212583,13432.767161583646,0
4.2042042042042045,15658908.917628162,15737.203462216303,0
4.2142142142142145,15285395.99184886,15361.822971808106,0
4.2242242242242245,12941096.254201932,13005.801735472942,0
4.2342342342342345,14337546.54703325,14409.234279768418,0
4.2442442442442445,13939726.214841966,14009.424845916175,0
4.2542542542542545,14759205.65012912,14833.001678379767,0
4.2642642642642645,12032722.591111144,12092.8862040667,0
4.2742742742742745,13928232.866610667,13997.87403094372,0
4.2842842842842845,14340504.327162819,14412.206848798634,0
4.2942942942942945,11052853.027886081,11108.117293025512,0
4.3043043043043046,11700610.80838444,11759.113862426364,0
4.314314314314315,10687822.93227679,10741.262046938173,0
4.324324324324325,12720904.415933406,12784.508938013074,0
4.334334334334335,13845792.74385288,13915.021707572145,0
4.344344344344345,14736149.37869535,14809.830125588827,0
4.354354354354355,13059281.494854994,13124.577902329269,0
4.364364364364365,14842387.60836073,14916.599546402535,0
4.374374374374375,11332084.381129747,11388.744803035397,0
4.384384384384385,10936834.21012166,10991.518381172269,0
4.394394394394395,12828026.346930258,12892.166478664909,0
4.404404404404405,13317630.30992136,13384.218461470968,0
4.414414414414415,12813790.871373838,12877.859825730708,0
4.424424424424425,10433036.8185134,10485.202002605969,0
4.434434434434435,12707394.578341275,12770.931551232983,0
4.444444444444445,11277045.478187699,11333.430705578638,0
4.454454454454455,13546459.447649756,13614.191744888005,0
4.464464464464465,13174256.180867253,13240.12746177159,0
4.474474474474475,11638059.136145877,11696.249431826607,0
4.484484484484485,12111506.903714668,12172.064438233241,0
4.494494494494495,11458133.8685344,11515.424537877072,0
4.504504504504505,12593299.835394727,12656.266334571701,0
4.514514514514515,13753116.545870328,13821.88212859968,0
4.524524524524525,11480811.762761869,11538.215821575679,0
4.534534534534535,13188009.940148031,13253.949989848772,0
4.544544544544545,11967239.461937392,12027.075659247079,0
4.554554554554555,11641589.272214858,11699.797218575932,0
4.564564564564565,12416111.971128274,12478.192530983915,0
4.574574574574575,11318294.331215316,11374.885802871393,0
4.584584584584585,11855814.107409667,11915.093177946716,0
4.594594594594595,11087345.298217172,11142.782024708258,0
4.604604604604605,14734766.472606411,14808.440304969443,0
4.614614614614615,12475358.854859326,12537.735649133623,0
4.624624624624625,11601506.3526842,11659.51388444762,0
4.634634634634635,12640107.278220464,12703.307814611566,0
4.644644644644645,12240261.358837662,12301.46266563185,0
4.654654654654655,12092877.994334377,12153.34238430605,0
4.664664664664665,13040247.298673108,13105.448535166473,0
4.674674674674675,13185105.276708003,13251.030803091544,0
4.684684684684685,11669569.465079404,11727.917312404801,0
4.694694694694695,11595529.005567236,11653.506650595073,0
4.704704704704705,11922919.318980245,11982.533915575146,0
4.714714714714715,9550226.464536477,9597.97759685916,0
4.724724724724725,10441284.567868987,10493.490990708333,0
4.734734734734735,13762907.84349477,13831.722382712243,0
4.744744744744745,14063900.896362163,14134.220400843975,0
4.754754754754755,11845239.214713434,11904.465410787001,0
4.764764764764765,12781288.641222779,12845.195084428893,0
4.774774774774775,12451874.014369223,12514.13338444107,0
4.784784784784785,15640647.428230988,15718.850665372143,0
4.794794794794795,13346155.884845013,13412.88666426924,0
4.804804804804805,11877350.178719344,11936.73692961294,0
4.814814814814815,10895576.430059308,10950.054312209606,0
4.824824824824825,10118778.384669116,10169.372276592461,0
4.834834834834835,12196511.587742172,12257.494145680883,0
4.844844844844845,11061350.299391901,11116.657050888862,0
4.854854854854855,10267112.855816206,10318.448420095287,0
4.864864864864865,11145100.071453441,11200.825571810708,0
4.874874874874875,10618714.716855833,10671.808290440113,0
4.884884884884885,13808569.670167819,13877.612518518657,0
4.894894894894895,12852352.515882002,12916.614278461413,0
4.904904904904905,11798558.073866295,11857.550864235627,0
4.914914914914915,13502689.25860827,13570.202704901312,0
4.924924924924925,11853841.658217262,11913.110866508348,0
4.934934934934935,10743138.62051289,10796.854313615455,0
4.944944944944945,13487180.470217926,13554.616372569017,0
4.954954954954955,12323615.676803458,12385.233755187477,0
4.964964964964965,10473394.077044584,10525.761047429807,0
4.974974974974975,11433923.309341518,11491.092925888226,0
4.984984984984985,10617113.397419801,10670.1989644069,0
4.994994994994995,10006895.980164291,10056.930460065114,0
5.005005005005005,12663422.287053782,12726.739398489051,0
5.015015015015015,13782092.73159923,13851.003195257226,0
5.025025025025025,9922945.438451294,9972.56016564355,0
5.035035035035035,12176444.69849779,12237.32692199028,0
5.045045045045045,10746774.59368943,10800.508466657879,0
5.055055055055055,10914578.014247827,10969.150904319067,0
5.065065065065065,10770594.753829235,10824.44772759838,0
5.075075075075075,10433676.28582539,10485.844667254518,0
5.085085085085085,11470331.030920161,11527.682686074762,0
5.095095095095095,10428291.527169626,10480.432984805475,0
5.105105105105105,11684079.520083975,11742.499917684396,0
5.115115115115115,11290238.419555359,11346.689611653135,0
5.125125125125125,11049509.864586437,11104.75741390937,0
5.135135135135135,10252101.534856975,10303.36204253126,0
5.145145145145145,10614018.097591225,10667.088188079182,0
5.155155155155155,12137536.658036184,12198.224341326364,0
5.165165165165165,11820570.167508088,11879.67301834563,0
5.175175175175175,10083779.799865782,10134.198698865112,0
5.185185185185185,11311222.1331421,11367.778243807812,0
5.195195195195195,12045874.478274243,12106.103850665615,0
5.205205205205205,9216040.886318304,9262.121090749895,0
5.215215215215215,11761152.132737814,11819.957893401503,0
5.225225225225225,10340532.6045241,10392.235267546721,0
5.235235235235235,11749411.891489973,11808.158950947423,0
5.245245245245245,10180498.357811848,10231.400849600906,0
5.255255255255255,8950598.414528485,8995.351406601128,0
5.265265265265265,9134717.07879641,9180.390664190392,0
5.275275275275275,11056872.338107895,11112.156699798436,0
5.285285285285285,11280823.086367164,11337.227201799,0
5.295295295295295,9909013.427202733,9958.558494338748,0
5.305305305305305,11677289.087466689,11735.675532904022,0
5.315315315315315,8987685.931460394,9032.624361117696,0
5.325325325325325,10816951.100515984,10871.035856018565,0
5.335335335335335,9467407.281652816,9514.74431806108,0
5.345345345345345,10094667.38515658,10145.140722082362,0
5.355355355355355,10884420.562248016,10938.842665059256,0
5.365365365365365,9810029.914501848,9859.080064074356,0
5.375375375375375,10340727.626737803,10392.431264871493,0
5.385385385385385,11932846.52411663,11992.510756737212,0
5.395395395395395,10075120.112929748,10125.495713494398,0
5.405405405405405,11692519.196375329,11750.981792357206,0
5.415415415415415,9391492.746984765,9438.45021071969,0
5.425425425425425,11295397.421159938,11351.874408265738,0
5.435435435435435,12331952.411287604,12393.612173344043,0
5.445445445445445,7771570.622213165,7810.428475324231,0
5.455455455455455,9693263.204404825,9741.72952042685,0
5.465465465465465,11266087.685382094,11322.418123809006,0
5.475475475475475,10340213.375679027,10391.914442557423,0
5.485485485485485,10985377.75902183,11040.30464781694,0
5.495495495495495,9833369.595178042,9882.536443153933,0
5.505505505505505,10613622.599542981,10666.690712540696,0
5.515515515515515,10311821.879119953,10363.380988515553,0
5.525525525525525,11826307.503239768,11885.439040755968,0
5.535535535535535,10746125.962834496,10799.856592648668,0
5.545545545545545,10821979.797000324,10876.089695985327,0
5.555555555555555,9931992.620524611,9981.652583627234,0
5.565565565565565,9823602.955899801,9872.7209706793,0
5.575575575575575,9866962.847569583,9916.297661807432,0
5.585585585585585,10805847.705995841,10859.87694452582,0
5.595595595595595,9839543.613096733,9888.741331162217,0
5.605605605605605,10643677.156349504,10696.895542131253,0
5.615615615615615,12694707.086655071,12758.180622088346,0
5.625625625625625,11277502.58332174,11333.89009623835,0
5.635635635635635,9868619.127187276,9917.962222823213,0
5.645645645645645,11620076.600142123,11678.176983142834,0
5.655655655655655,9733217.369031044,9781.8834558762,0
5.665665665665665,7822331.812064127,7861.443471124448,0
5.675675675675675,8997203.535446718,9042.189553123952,0
5.685685685685685,7976549.113131502,8016.431858697159,0
5.6956956956956954,9719053.675435346,9767.648943812523,0
5.7057057057057055,10128374.487722985,10179.0163601616,0
5.7157157157157155,12031935.359822033,12092.095036621144,0
5.7257257257257255,10446822.580553954,10499.056693456725,0
5.7357357357357355,9793809.581197653,9842.778629103641,0
5.7457457457457455,10990517.430781255,11045.47001793516,0
5.7557557557557555,7443992.928227659,7481.212892868798,0
5.7657657657657655,10262788.643479737,10314.102586697136,0
5.7757757757757755,10864308.958471222,10918.63050326358,0
5.7857857857857855,8235639.340280644,8276.817536982047,0
5.7957957957957955,11258313.365354981,11314.604932181757,0
5.8058058058058055,10305039.796916664,10356.564995901248,0
5.8158158158158155,9411542.03072593,9458.59974087956,0
5.8258258258258255,10608262.535661615,10661.303848339923,0
5.8358358358358355,12489267.112848235,12551.713448412476,0
5.8458458458458455,10047325.097658267,10097.561723146559,0
5.8558558558558556,10105462.730831552,10155.99004448571,0
5.865865865865866,9265905.326125981,9312.234852756612,0
5.875875875875876,8794252.87202985,8838.22413639,0
5.885885885885886,10724642.250355069,10778.265461606845,0
5.895895895895896,8749848.555746328,8793.59779852506,0
5.905905905905906,9807449.181360945,9856.48642726775,0
5.915915915915916,9151950.45283457,9197.710205098743,0
5.925925925925926,10243325.354179412,10294.54198095031,0
5.935935935935936,10056508.108876133,10106.790649420514,0
5.945945945945946,10854834.079580331,10909.108249978233,0
5.955955955955956,9041573.484984929,9086.781352409853,0
5.965965965965966,9302120.147848593,9348.630748587837,0
5.975975975975976,8461870.242053308,8504.179593263574,0
5.985985985985986,9063996.274300165,9109.316255671667,0
5.995995995995996,9999265.262086429,10049.261588396861,0
6.006006006006006,10422004.353487877,10474.114375255316,0
6.016016016016016,8456567.984147992,8498.850824068732,0
6.026026026026026,10517486.8604349,10570.074294737075,0
6.036036036036036,11063830.866816597,11119.150021150681,0
6.046046046046046,9953505.810801422,10003.27333985543,0
6.056056056056056,11633718.940153573,11691.88753485434,0
6.066066066066066,8541839.586985368,8584.548784920295,0
6.076076076076076,7978520.328714473,8018.412930358046,0
6.086086086086086,7341975.165722938,7378.685041551553,0
6.096096096096096,11123759.742588997,11179.378541301941,0
6.106106106106106,10130557.676548578,10181.21046493132,0
6.116116116116116,9290248.62467722,9336.699867800608,0
6.126126126126126,9662812.594304303,9711.126657275825,0
6.136136136136136,8015893.314563605,8055.972781136424,0
6.146146146146146,12142034.6604506,12202.744833752853,0
6.156156156156156,9438451.475487728,9485.643732865166,0
6.166166166166166,9399136.841111377,9446.132525316934,0
6.176176176176176,10097904.218156189,10148.39373924697,0
6.186186186186186,9797854.42017955,9846.843692280449,0
6.196196196196196,9483551.316435898,9530.969073018077,0
6.206206206206206,8290951.611254135,8332.406369310405,0
6.216216216216216,9738956.030235896,9787.650810387076,0
6.226226226226226,11359447.160299748,11416.244396101247,0
6.236236236236236,10721327.881588537,10774.93452099648,0
6.246246246246246,10993175.493233785,11048.141370699954,0
6.256256256256256,8536604.310155215,8579.287331705991,0
6.266266266266266,7966306.113734015,8006.137644302686,0
6.276276276276276,8953066.418141894,8997.831750232604,0
6.286286286286286,9148450.617720833,9194.192870809438,0
6.296296296296296,10338001.88875209,10389.69189819585,0
6.306306306306306,7090510.89469697,7125.963449170455,0
6.316316316316316,10813179.095729634,10867.244991208283,0
6.326326326326326,8840843.733125608,8885.047951791237,0
6.336336336336336,8514284.919169296,8556.856343765143,0
6.346346346346346,7820862.424492438,7859.966736614901,0
6.356356356356356,7060809.350662826,7096.11339741614,0
6.366366366366366,9920964.18041845,9970.569001320542,0
6.376376376376376,9036882.548635948,9082.066961379129,0
6.386386386386386,7441331.221146922,7478.5378772526565,0
6.396396396396396,7421351.961527583,7458.4587213352215,0
6.406406406406406,8520196.427830715,8562.79740996987,0
6.416416416416417,10831941.411137333,10886.10111819302,0
6.426426426426427,8581027.205010423,8623.932341035475,0
6.436436436436437,7124891.588618309,7160.516046561401,0
6.446446446446447,8569967.750994746,8612.81758974972,0
6.456456456456457,8525271.23931164,8567.897595508197,0
6.466466466466467,5699952.063110623,5728.451823426176,0
6.476476476476477,8752178.152003307,8795.939042763324,0
6.486486486486487,8534205.931280978,8576.876960937383,0
6.496496496496497,9596729.836606717,9644.71348578975,0
6.506506506506507,10921071.181245826,10975.676537152056,0
6.516516516516517,10070360.901903206,10120.712706412723,0
6.526526526526527,8439010.145763315,8481.205196492132,0
6.536536536536537,7454839.233895807,7492.113430065286,0
6.546546546546547,11711108.11801671,11769.663658606794,0
6.556556556556557,8782419.27534952,8826.331371726268,0
6.566566566566567,8717713.189549126,8761.301755496872,0
6.576576576576577,8661514.083751494,8704.821654170251,0
6.586586586586587,8907336.612894991,8951.873295959467,0
6.596596596596597,8498274.922264172,8540.766296875492,0
6.606606606606607,7988575.853670316,8028.518732938668,0
6.616616616616617,8008074.726417557,8048.115100049646,0
6.626626626626627,8592961.615036437,8635.92642311162,0
6.636636636636637,7989224.431775989,8029.1705539348695,0
6.646646646646647,7781455.713065497,7820.362991630825,0
6.656656656656657,8720693.88128756,8764.297350693998,0
6.666666666666667,8290458.022621961,8331.910312735072,0
6.676676676676677,10319979.455980964,10371.57935326087,0
6.686686686686687,5489458.253156294,5516.905544422076,0
6.696696696696697,9820086.893871266,9869.187328340624,0
6.706706706706707,9988873.977829214,10038.818347718361,0
6.716716716716717,6127879.604264419,6158.5190022857405,0
6.726726726726727,8125213.105996251,8165.839171526232,0
6.736736736736737,8081699.480502942,8122.107977905456,0
6.746746746746747,6869819.619667095,6904.168717765431,0
6.756756756756757,7590350.656034087,7628.302409314258,0
6.766766766766767,7194557.7808349505,7230.530569739126,0
6.776776776776777,10505790.531074263,10558.319483729634,0
6.786786786786787,9548998.497551167,9596.743490038923,0
6.796796796796797,9929194.28374541,9978.840255164137,0
6.806806806806807,9282033.219826577,9328.44338592571,0
6.816816816816817,7126021.630595684,7161.651738748663,0
6.826826826826827,7818231.4064991465,7857.322563531642,0
6.836836836836837,8985428.164955208,9030.355305779984,0
6.846846846846847,6991290.055435217,7026.246505712394,0
6.856856856856857,9227367.361762056,9273.504198570867,0
6.866866866866867,8112969.16203198,8153.53400784214,0
6.876876876876877,7948538.838313433,7988.2815325050005,0
6.886886886886887,9199756.13230566,9245.754912967188,0
6.896896896896897,8882227.175442623,8926.638311319837,0
6.906906906906907,7940128.0403295765,7979.828680531225,0
6.916916916916917,9695766.634536782,9744.245467709467,0
6.926926926926927,7089134.396656854,7124.580068640139,0
6.936936936936937,9050005.78645669,9095.255815388973,0
6.946946946946947,9015999.701573364,9061.07970008123,0
6.956956956956957,7961539.564256343,8001.347262077625,0
6.966966966966967,8691668.655075572,8735.12699835095,0
6.976976976976977,6854933.527115762,6889.208194751342,0
6.986986986986987,9371097.837491918,9417.953326679379,0
6.996996996996997,8077871.806321744,8118.261165353353,0
7.007007007007007,7679262.211760023,7717.658522818823,0
7.017017017017017,9495865.356594745,9543.34468337772,0
7.027027027027027,7455501.082077806,7492.778587488195,0
7.037037037037037,6632381.393360368,6665.54330032717,0
7.047047047047047,6454295.266363174,6486.566742694989,0
7.057057057057057,8956877.383900946,9001.66177082045,0
7.067067067067067,6762660.886793496,6796.474191227464,0
7.077077077077077,10277705.880044172,10329.094409444393,0
7.087087087087087,5821425.036952899,5850.532162137663,0
7.097097097097097,10198804.11111707,10249.798131672656,0
7.107107107107107,8470279.831786284,8512.631230945215,0
7.117117117117117,8108030.692329435,8148.570845791082,0
7.127127127127127,7582963.788934621,7620.878607879295,0
7.137137137137137,8673053.7487216,8716.419017465209,0
7.147147147147147,8161519.624950378,8202.32722307513,0
7.157157157157157,9480260.376881171,9527.661678765577,0
7.167167167167167,8328323.058184401,8369.964673475324,0
7.177177177177177,8365692.481449492,8407.52094385674,0
7.187187187187187,7765210.561906189,7804.03661471572,0
7.197197197197197,8116737.103728238,8157.320789246879,0
7.207207207207207,8535772.553985737,8578.451416755666,0
7.217217217217217,6190990.978130192,6221.945933020843,0
7.227227227227227,6607090.527930067,6640.125980569717,0
7.237237237237237,9029506.913365263,9074.654447932091,0
7.247247247247247,8361995.206998788,8403.805183033783,0
7.257257257257257,7946977.290426408,7986.71217687854,0
7.267267267267267,8178524.046361697,8219.416666593506,0
7.277277277277277,8557214.376070168,8600.000447950519,0
7.287287287287287,7524913.596432953,7562.538164415118,0
7.297297297297297,7245353.003832427,7281.5797688515895,0
7.307307307307307,8372655.185558661,8414.518461486454,0
7.317317317317317,7007987.123868583,7043.027059487926,0
7.327327327327327,8614034.3525638,8657.10452432662,0
7.337337337337337,6163162.635284709,6193.978448461133,0
7.347347347347347,9329815.557039384,9376.46463482458,0
7.357357357357357,8682180.525783047,8725.591428411963,0
7.367367367367367,8429071.473536925,8471.21683090461,0
7.377377377377377,9270245.240546955,9316.59646674969,0
7.387387387387387,10060658.02342773,10110.961313544869,0
7.397397397397397,9303898.227122745,9350.417718258359,0
7.407407407407407,5990473.500871278,6020.425868375635,0
7.4174174174174174,6640374.412040518,6673.576284100721,0
7.4274274274274275,7398827.701912294,7435.821840421856,0
7.4374374374374375,8152953.94540221,8193.71871512922,0
7.4474474474474475,8722381.419299021,8765.993326395517,0
7.4574574574574575,7279380.34527742,7315.777247003808,0
7.4674674674674675,8337376.438754947,8379.063320948722,0
7.4774774774774775,7244104.244721861,7280.32476594547,0
7.4874874874874875,7410746.894909581,7447.800629384129,0
7.4974974974974975,6488277.429532544,6520.718816680207,0
7.5075075075075075,7049088.151335867,7084.3335920925465,0
7.5175175175175175,6552256.6473480305,6585.0179305847705,0
7.5275275275275275,6988507.540731409,7023.450078435066,0
7.5375375375375375,9343192.361604141,9389.908323412163,0
7.5475475475475475,7020250.151183207,7055.351401939123,0
7.5575575575575575,11175838.640323678,11231.717833525297,0
7.5675675675675675,8695384.36262954,8738.861284442688,0
7.5775775775775776,8338543.189175157,8380.235905121033,0
7.587587587587588,7129573.444880374,7165.221312104776,0
7.597597597597598,8938900.56542168,8983.59506824879,0
7.607607607607608,7460211.263161193,7497.5123194769985,0
7.617617617617618,8271029.907971161,8312.385057511017,0
7.627627627627628,11100881.252645321,11156.385658908548,0
7.637637637637638,8021575.587088437,8061.683465023879,0
7.647647647647648,9468121.15695159,9515.461762736348,0
7.657657657657658,7321375.540687044,7357.982418390479,0
7.667667667667668,8098706.624995159,8139.200158120135,0
7.677677677677678,10195791.987878315,10246.770947817708,0
7.687687687687688,7416888.242757712,7453.9726839715,0
7.697697697697698,10249253.839837685,10300.500109036873,0
7.707707707707708,8970585.839409454,9015.438768606502,0
7.717717717717718,7500048.704941027,7537.548948465732,0
7.727727727727728,8889156.086585637,8933.601867018566,0
7.737737737737738,9286915.467990251,9333.350045330202,0
7.747747747747748,8883377.18642013,8927.79407235223,0
7.757757757757758,6344078.274142074,6375.798665512785,0
7.767767767767768,7325657.002446214,7362.285287458445,0
7.777777777777778,7885747.4022777695,7925.1761392891585,0
7.787787787787788,8090394.703138903,8130.846676654598,0
7.797797797797798,8900720.990668042,8945.224595621383,0
7.807807807807808,8391013.652060186,8432.968720320489,0
7.817817817817818,6640155.261463108,6673.356037770423,0
7.827827827827828,8634593.37536668,8677.766342243514,0
7.837837837837838,8906387.232991286,8950.919169156243,0
7.847847847847848,8852143.15820899,8896.403874000036,0
7.857857857857858,9461304.73521598,9508.61125889206,0
7.867867867867868,9179895.842245838,9225.795321457068,0
7.877877877877878,8750276.083011214,8794.02746342627,0
7.887887887887888,8141449.811699075,8182.15706075757,0
7.897897897897898,6301475.791459649,6332.983170416947,0
7.907907907907908,8732029.425771229,8775.689572900086,0
7.917917917917918,8480204.988971775,8522.606013916635,0
7.927927927927928,8560066.644226428,8602.86697744756,0
7.937937937937938,6769887.479904953,6803.736917304478,0
7.947947947947948,7002903.356696737,7037.917873480221,0
7.957957957957958,9484731.612224387,9532.15527028551,0
7.967967967967968,8223467.6826522965,8264.585021065559,0
7.977977977977978,9066301.580510207,9111.633088412758,0
7.987987987987988,8315150.69643788,8356.72644992007,0
7.997997997997998,8323490.349917609,8365.107801667198,0
8.008008008008009,9384185.266497407,9431.106192829895,0
8.018018018018019,7704097.696680752,7742.618185164156,0
8.028028028028029,8421273.644624896,8463.380012848022,0
8.038038038038039,7780728.323117047,7819.631964732632,0
8.048048048048049,7820276.016935842,7859.377397020522,0
8.058058058058059,7973105.538659587,8012.971066352885,0
8.068068068068069,8597003.221644424,8639.988237752646,0
8.078078078078079,7791691.4736686805,7830.6499310370245,0
8.088088088088089,9811557.487235902,9860.615274672082,0
8.098098098098099,7325104.786141832,7361.730310072542,0
8.108108108108109,8154175.07778097,8194.945953169876,0
8.118118118118119,7869082.818554517,7908.428232647289,0
8.128128128128129,10066017.260654123,10116.347346957395,0
8.138138138138139,8624005.601329464,8667.125629336113,0
8.148148148148149,9601547.613840265,9649.555351909466,0
8.158158158158159,6690090.204096525,6723.540655117008,0
8.168168168168169,8731976.88984636,8775.636774295592,0
8.178178178178179,9463154.354422905,9510.47012619502,0
8.188188188188189,8535741.459178673,8578.420166474567,0
8.198198198198199,9685483.656528372,9733.911074811014,0
8.208208208208209,7858830.83359533,7898.124987763307,0
8.218218218218219,10103211.734794125,10153.727793468095,0
8.228228228228229,11144697.675119078,11200.421163494673,0
8.238238238238239,8066813.768194023,8107.147837034993,0
8.248248248248249,7980777.334185079,8020.681220856004,0
8.258258258258259,10193462.737506337,10244.430051193869,0
8.268268268268269,10349939.247827705,10401.688944066844,0
8.278278278278279,7921338.672220534,7960.945365581637,0
8.288288288288289,8050781.866727632,8091.03577606127,0
8.298298298298299,8221791.815910438,8262.90077498999,0
8.308308308308309,6999683.459903944,7034.681877203464,0
8.318318318318319,7504314.169503689,7541.835740351207,0
8.328328328328329,7415971.373484349,7453.051230351771,0
8.338338338338339,7701073.155478881,7739.578521256275,0
8.348348348348349,8562546.529402811,8605.359262049826,0
8.358358358358359,8885651.318364572,8930.079574956395,0
8.368368368368369,10423842.149916228,10475.96136066581,0
8.378378378378379,7478587.913431079,7515.980852998235,0
8.388388388388389,9790026.826536285,9838.976960668966,0
8.398398398398399,8411636.793532165,8453.694977499827,0
8.408408408408409,8614253.262199003,8657.324528509998,0
8.418418418418419,9466304.927419072,9513.636452056167,0
8.428428428428429,7393155.29108533,7430.1210675407565,0
8.438438438438439,9151221.555114886,9196.97766289046,0
8.448448448448449,8912938.63918964,8957.503332385588,0
8.458458458458459,9303439.303009745,9349.956499524793,0
8.468468468468469,9080086.665560406,9125.487098888208,0
8.478478478478479,11605367.352865327,11663.394189629655,0
8.488488488488489,8030121.4136898825,8070.2720207583325,0
8.498498498498499,8166735.883772102,8207.569563190962,0
8.508508508508509,8072753.342334584,8113.117109046258,0
8.518518518518519,8164257.830986553,8205.079120141487,0
8.528528528528529,8082367.5777375065,8122.779415626194,0
8.538538538538539,10214231.078469453,10265.302233861801,0
8.548548548548549,10496101.464243704,10548.581971564923,0
8.558558558558559,8199704.3193574725,8240.70284095426,0
8.568568568568569,7909799.3559936425,7949.348352773611,0
8.578578578578579,9435843.447577681,9483.02266481557,0
8.588588588588589,8262199.49213306,8303.510489593726,0
8.598598598598599,9650862.648404831,9699.116961646856,0
8.608608608608609,9166042.106090024,9211.872316620475,0
8.618618618618619,7186483.482990297,7222.415900405248,0
8.62862862862863,10754052.97923392,10807.82324413009,0
8.63863863863864,11056469.808879225,11111.752157923622,0
8.64864864864865,8276825.4967586305,8318.209624242423,0
8.65865865865866,8552438.575092636,8595.2007679681,0
8.66866866866867,9348391.00796617,9395.132963006,0
8.67867867867868,9419473.98630441,9466.571356235932,0
8.68868868868869,9810234.02433747,9859.285194459158,0
8.6986986986987,11393079.507863749,11450.044905403069,0
8.70870870870871,8871003.46042072,8915.358477722824,0
8.71871871871872,8165357.274477837,8206.184060850226,0
8.72872872872873,7506590.841783061,7544.123795991976,0
8.73873873873874,8274040.000367405,8315.410200369242,0
8.74874874874875,9098907.28494136,9144.401821366067,0
8.75875875875876,11234534.838479856,11290.707512672256,0
8.76876876876877,8568028.556131802,8610.868698912462,0
8.77877877877878,9443757.818531409,9490.976607624067,0
8.78878878878879,9180914.930911256,9226.819505565813,0
8.7987987987988,10594398.322316218,10647.3703139278,0
8.80880880880881,12163094.684097122,12223.910157517608,0
8.81881881881882,8632129.916110303,8675.290565690855,0
8.82882882882883,8696365.60337252,8739.847431389382,0
8.83883883883884,10491612.03952547,10544.070099723098,0
8.84884884884885,10087741.373358583,10138.180080225377,0
8.85885885885886,11455380.677117024,11512.65758050261,0
8.86886886886887,10007100.267882286,10057.135769221697,0
8.87887887887888,8929597.94658888,8974.245936321824,0
8.88888888888889,10048258.721893923,10098.500015503394,0
8.8988988988989,10666006.104055345,10719.336134575622,0
8.90890890890891,10348567.933963604,10400.310773633422,0
8.91891891891892,10002232.28549563,10052.243446923108,0
8.92892892892893,10668209.335498426,10721.55038217592,0
8.93893893893894,10804407.67184855,10858.429710207794,0
8.94894894894895,11068572.43435555,11123.915296527328,0
8.95895895895896,10235099.13654411,10286.27463222683,0
8.96896896896897,9306150.114891727,9352.680865466185,0
8.97897897897898,9687689.45562223,9736.127902900342,0
8.98898898898899,10934628.849954775,10989.301994204548,0
8.998998998999,8605091.622756002,8648.117080869783,0
9.00900900900901,9998137.576014735,10048.128263894809,0
9.01901901901902,9132023.334638974,9177.683451312168,0
9.02902902902903,9639539.74845016,9687.73744719241,0
9.03903903903904,11107178.181014884,11162.71407191996,0
9.04904904904905,9863905.364302928,9913.224891124442,0
9.05905905905906,9714230.710470617,9762.801864022971,0
9.06906906906907,8101141.787154609,8141.647496090382,0
9.07907907907908,10562515.64987375,10615.328228123119,0
9.08908908908909,10463985.049135946,10516.304974381626,0
9.0990990990991,12243035.320568245,12304.250497171086,0
9.10910910910911,9395147.359004486,9442.123095799509,0
9.11911911911912,10024967.856933175,10075.09269621784,0
9.12912912912913,10078694.27540858,10129.087746785624,0
9.13913913913914,11637982.354487605,11696.172266260044,0
9.14914914914915,9716391.961443257,9764.973921250474,0
9.15915915915916,10169468.115739785,10220.315456318485,0
9.16916916916917,10569900.855352534,10622.750359629297,0
9.17917917917918,10100213.887451205,10150.714956888462,0
9.18918918918919,9384958.60264994,9431.88339566319,0
9.1991991991992,10147107.414130911,10197.842951201566,0
9.20920920920921,11186583.65776377,11242.516576052589,0
9.21921921921922,8769686.505074266,8813.534937599637,0
9.22922922922923,10134027.355367405,10184.697492144243,0
9.23923923923924,9187044.760523392,9232.97998432601,0
9.24924924924925,11404904.691924643,11461.929215384267,0
9.25925925925926,8271282.043353211,8312.638453569978,0
9.26926926926927,9409419.5421234,9456.466639834018,0
9.27927927927928,10514985.698684817,10567.560627178242,0
9.28928928928929,11913139.065425562,11972.70476075269,0
9.2992992992993,10040631.606099261,10090.834764129757,0
9.30930930930931,9492699.842859024,9540.16334207332,0
9.31931931931932,12338760.762304267,12400.454566115788,0
9.32932932932933,8496866.801563362,8539.351135571178,0
9.33933933933934,7645948.688076448,7684.178431516831,0
9.34934934934935,10727036.547769848,10780.671730508699,0
9.35935935935936,9654347.796283988,9702.619535265409,0
9.36936936936937,9072265.466824628,9117.626794158752,0
9.37937937937938,11098806.981397133,11154.30101630412,0
9.38938938938939,10580192.628239004,10633.093591380199,0
9.3993993993994,9663374.414405726,9711.691286477755,0
9.40940940940941,8852925.07358156,8897.189698949467,0
9.41941941941942,11370551.145123443,11427.40390084906,0
9.42942942942943,11133205.589469414,11188.871617416762,0
9.43943943943944,10284448.10041074,10335.870340912796,0
9.44944944944945,12562158.386093825,12624.969178024294,0
9.45945945945946,9199375.185359301,9245.372061286098,0
9.46946946946947,8691724.21954226,8735.18284063997,0
9.47947947947948,9679425.002916936,9727.82212793152,0
9.48948948948949,10449907.754784875,10502.1572935588,0
9.4994994994995,10805853.867581058,10859.883136918965,0
9.50950950950951,10264581.432194954,10315.90433935593,0
9.51951951951952,10973676.428354822,11028.544810496596,0
9.52952952952953,9134424.27574018,9180.096397118881,0
9.53953953953954,12281934.890787289,12343.344565241225,0
9.54954954954955,10532869.799205571,10585.5341482016,0
9.55955955955956,11945263.990084765,12004.99031003519,0
9.56956956956957,11067835.497650003,11123.174675138254,0
9.57957957957958,11221217.87798432,11277.323967374243,0
9.58958958958959,11373460.179196276,11430.327480092257,0
9.5995995995996,11253053.160075301,11309.318425875677,0
9.60960960960961,11500484.996328868,11557.987421310512,0
9.61961961961962,12317992.323138574,12379.582284754268,0
9.62962962962963,11025421.326670013,11080.548433303364,0
9.63963963963964,11641214.256743923,11699.420328027643,0
9.64964964964965,10736020.524095451,10789.700626715929,0
9.65965965965966,12532023.99000626,12594.684109956292,0
9.66966966966967,10098276.253898555,10148.76763516805,0
9.67967967967968,12993413.897594225,13058.380967082196,0
9.68968968968969,10879198.962948155,10933.594957762896,0
9.6996996996997,9287568.927795151,9334.006772434128,0
9.70970970970971,11117380.84845969,11172.96775270199,0
9.71971971971972,10200296.454812635,10251.297937086698,0
9.72972972972973,11987023.662106887,12046.95878041742,0
9.73973973973974,10276417.361674696,10327.79944848307,0
9.74974974974975,10537494.838303473,10590.18231249499,0
9.75975975975976,8884828.372190682,8929.252514051635,0
9.76976976976977,10573668.989554573,10626.537334502345,0
9.77977977977978,8308312.844965574,8349.854409190402,0
9.78978978978979,9304373.119608592,9350.894985206636,0
9.7997997997998,12045487.056099957,12105.714491380457,0
9.80980980980981,12096657.169633083,12157.140455481249,0
9.81981981981982,11700399.099097384,11758.901094592871,0
9.82982982982983,10106930.894477783,10157.465548950173,0
9.83983983983984,11195047.631149758,11251.022869305507,0
9.84984984984985,11267997.272234801,11324.337258595975,0
9.85985985985986,9950269.559266156,10000.020907062486,0
9.86986986986987,13059723.115565935,13125.021731143765,0
9.87987987987988,12355341.072321022,12417.117777682628,0
9.88988988988989,11103112.483167738,11158.628045583577,0
9.8998998998999,11412458.123878859,11469.520414498254,0
9.90990990990991,11644842.88605956,11703.067100489858,0
9.91991991991992,9056562.447763309,9101.845260002126,0
9.92992992992993,11160112.121238219,11215.91268184441,0
9.93993993993994,10677605.205800615,10730.993231829618,0
9.94994994994995,10328701.964123355,10380.345473943973,0
9.95995995995996,11186383.406297265,11242.315323328752,0
9.96996996996997,13619658.150495501,13687.756441247979,0
9.97997997997998,12299604.128990911,12361.102149635866,0
9.98998998998999,10915545.143912042,10970.122869631603,0
10.0,12264196.026373142,12325.517006505008,0
