time,ne
0.10031751,0.5478279249667964
0.1013175,0.5387466409112006
0.102317505,0.5247671635385632
0.10331751,0.5339903519381123
0.1043175,0.5365438743819991
0.1053175,0.5548696044136481
0.106317505,0.5506328333468538
0.10731751,0.5590587929938066
0.1083175,0.5432706722651809
0.109317504,0.5966484609788311
0.110317506,0.5689122284371175
0.11131751,0.5605742731968937
0.1123175,0.5322268268579926
0.113317505,0.5490089766520145
0.11431751,0.5759042431812812
0.11531751,0.5531976835523466
0.1163175,0.5559822153416997
0.117317505,0.5779289372536088
0.11831751,0.634631971467224
0.1193175,0.6154729496212894
0.120317504,0.5780663333438032
0.121317506,0.5704259110003731
0.12231751,0.6123809750808143
0.1233175,0.6251032497357386
0.124317504,0.6096420077840525
0.1253175,0.5913436618779345
0.1263175,0.6023471243851227
0.1273175,0.6340577655967321
0.1283175,0.6053327905107366
0.1293175,0.6327821741805353
0.13031751,0.6158219251680528
0.13131751,0.6293788227227949
0.1323175,0.6463374832588054
0.1333175,0.6177044563702069
0.1343175,0.6088719278004183
0.1353175,0.5979057340263135
0.1363175,0.6305827170454957
0.13731751,0.6166628470297602
0.13831751,0.6318932655622306
0.1393175,0.6379882697376376
0.1403175,0.6960770935708223
0.1413175,0.7066012853836834
0.1423175,0.7124514607302319
0.1433175,0.6847271779306495
0.14431751,0.6546300180920337
0.14531751,0.6274136392485465
0.14631751,0.6528563550053321
0.1473175,0.6732223223162257
0.1483175,0.6320703513864641
0.1493175,0.6382298991618734
0.1503175,0.673203489958298
0.1513175,0.6502656864977688
0.15231751,0.6278364699681351
0.15331751,0.6648909200254072
0.1543175,0.7233119519993297
0.1553175,0.7452704488552336
0.1563175,0.7336453651085562
0.1573175,0.7081001424571373
0.1583175,0.6775292658990619
0.15931751,0.6762318858693687
0.16031751,0.6787495859430316
0.1613175,0.6829447227506678
0.1623175,0.6717268850729329
0.1633175,0.6346468312878792
0.1643175,0.6702035005148569
0.1653175,0.6375930540070992
0.16631751,0.6737306856466958
0.16731751,0.6507853858053846
0.16831751,0.7133377209273765
0.1693175,0.72889678312051
0.1703175,0.7293515955350284
0.1713175,0.6786090597374711
0.1723175,0.6858935847948764
0.1733175,0.682065452912281
0.17431751,0.682593227114636
0.17531751,0.6603892463235461
0.1763175,0.67783762438548
0.1773175,0.6741112787791113
0.1783175,0.6651635696398349
0.1793175,0.6416651720024568
0.1803175,0.6708337827162014
0.18131751,0.6770744976975142
0.18231751,0.6271894736827195
0.18331751,0.6500312933111659
0.1843175,0.6719039336438826
0.1853175,0.6630513536166581
0.1863175,0.690559393042613
0.1873175,0.7069106132602748
0.18831751,0.6859853503030078
0.18931751,0.691760201580815
0.19031751,0.6792967545914658
0.1913175,0.6729116636684678
0.1923175,0.6697346809409536
0.1933175,0.6693403481446663
0.1943175,0.6720436820103312
0.1953175,0.6766928315462153
0.19631751,0.6742747106427321
0.19731751,0.6841228829507353
0.1983175,0.6931373733404174
0.1993175,0.7030945355065688
0.2003175,0.6791913951456282
0.2013175,0.718375101505718
0.2023175,0.7027027511762278
0.20331751,0.7362273006451117
0.20431751,0.6948592182541182
0.20531751,0.7286493213600823
0.2063175,0.7233734790114269
0.2073175,0.7567888330153902
0.2083175,0.7339296594299428
0.2093175,0.7560557406451052
0.2103175,0.7578423223957145
0.21131751,0.7466123445369462
0.21231751,0.7763185880220372
0.2133175,0.7677376996458495
0.2143175,0.7826777973805077
0.2153175,0.7741257016176335
0.2163175,0.804622992907509
0.2173175,0.7889242823385563
0.21831751,0.7876104435449502
0.21931751,0.7749176034926898
0.2203175,0.7759340354486494
0.2213175,0.7815594147653752
0.2223175,0.8203237312954087
0.2233175,0.9371043088644435
0.2243175,0.9354633889025302
0.22531751,0.9135911935690832
0.22631751,0.8562718696747068
0.22731751,0.8082342746838942
0.2283175,0.8036912584411685
0.2293175,0.7826718376147296
0.2303175,0.8029397073341343
0.2313175,0.777366422146881
0.2323175,0.7459135448031669
0.23331751,0.7475710105334591
0.23431751,0.7713957576099861
0.2353175,0.7547745549612986
0.2363175,0.7497397166988966
0.2373175,0.7315978276245274
0.2383175,0.7414512152620747
0.2393175,0.7603591571194861
0.24031751,0.7300037222776311
0.24131751,0.7244412751043842
0.2423175,0.7245454476100781
0.2433175,0.7626360554511847
0.2443175,0.7537615270740636
0.2453175,0.7781685831995304
0.2463175,0.7423702581801626
0.24731751,0.7615727258367392
0.24831751,0.7705685412883889
0.24931751,0.7892846040787015
0.2503175,0.8043462064407029
0.2513175,0.8056523736009057
0.25231752,0.7968829648760346
0.2533175,0.7684761275228094
0.2543175,0.7631190677322722
0.2553175,0.7418044873874294
0.2563175,0.75472746758258
0.2573175,0.7665209119992034
0.2583175,0.7200633320144976
0.25931752,0.7353996123364677
0.2603175,0.7090220078528303
0.2613175,0.7330918448480198
0.2623175,0.7033500695060312
0.2633175,0.738492189320057
0.2643175,0.7179879057790135
0.2653175,0.7516842558180554
0.26631752,0.737813501882716
0.2673175,0.7704107898662015
0.2683175,0.7656029895216512
0.2693175,0.7417521143694968
0.2703175,0.7679534968299921
0.2713175,0.7654689499124345
0.2723175,0.7883348166166508
0.27331752,0.7597694367012802
0.2743175,0.7949337801395425
0.2753175,0.7583823156648675
0.2763175,0.7788333036100018
0.2773175,0.7752040766490982
0.2783175,0.7601144620903395
0.2793175,0.7703442102928804
0.28031752,0.8120462505601026
0.2813175,0.8300218719216191
0.28231752,0.7981394570208238
0.2833175,0.8008715226602807
0.2843175,0.7912142307392592
0.2853175,0.7977393659513514
0.2863175,0.7986873140211017
0.2873175,0.7587494686408567
0.2883175,0.8076196252294034
0.28931752,0.7811248895272389
0.2903175,0.7914816838498159
0.2913175,0.7467548234499128
0.2923175,0.7809559129572419
0.2933175,0.7809087810844172
0.2943175,0.8273801648322704
0.2953175,0.8078579627774034
0.29631752,0.8316097891601981
0.2973175,0.8328678873516108
0.2983175,0.8178012660154734
0.2993175,0.8123617076878036
0.3003175,0.8028767545968144
0.3013175,0.7949966073850865
0.3023175,0.7844104451584596
0.30331752,0.7629548046935122
0.3043175,0.7476138703152967
0.3053175,0.7600749802772325
0.3063175,0.7706285131586678
0.3073175,0.7347706195288378
0.3083175,0.7461988460733758
0.3093175,0.7486870853296372
0.31031752,0.764751677495325
0.3113175,0.7728194234223643
0.3123175,0.7728369717705734
0.3133175,0.7671668748928206
0.3143175,0.7786721131099545
0.3153175,0.8090873496116008
0.3163175,0.7757031129064377
0.31731752,0.802918065359087
0.3183175,0.7689705839125356
0.31931752,0.8334899975831052
0.3203175,0.8051215477307796
0.3213175,0.8309891742835048
0.3223175,0.8233890571684033
0.3233175,0.8406997365333851
0.3243175,0.824194481623284
0.3253175,0.8386608282972793
0.32631752,0.8549270145772313
0.3273175,0.8471699416689344
0.3283175,0.8687280344390319
0.3293175,0.871127261798582
0.3303175,0.8722188988161192
0.3313175,0.8566128600090531
0.3323175,0.8736149853792409
0.33331752,0.8832554076360745
0.3343175,0.8793741709331351
0.3353175,0.905987911263554
0.3363175,0.88862780119735
0.3373175,0.9073793334453156
0.3383175,0.9044088505511004
0.3393175,0.9172689731087096
0.34031752,0.9120407284062656
0.3413175,0.9108800425772576
0.3423175,0.9059743970304426
0.3433175,0.9012280466050002
0.3443175,0.9237867412712115
0.3453175,0.8891814925013874
0.3463175,0.920734861852407
0.34731752,0.8993313648598633
0.3483175,0.9331719677961455
0.3493175,0.9163248929404519
0.3503175,0.9350122922148201
0.3513175,0.9368350299596278
0.3523175,0.930174193734933
0.3533175,0.9337787616154184
0.35431752,0.9436218557701683
0.3553175,0.9433862335625948
0.3563175,0.921667471953058
0.3573175,0.9403637221518635
0.3583175,0.9286949923340234
0.3593175,0.9338226177333414
0.3603175,0.9292305306551087
0.36131752,0.9234883068955004
0.3623175,0.9407058117219682
0.36331752,0.9284558328435459
0.3643175,0.9535506375180146
0.3653175,0.9189713310032713
0.3663175,0.948534664111234
0.3673175,0.9168606693290564
0.3683175,0.9467637146939746
0.3693175,0.9439331208070321
0.37031752,0.9355234744376941
0.3713175,0.929460215006941
0.3723175,0.9239713700789776
0.3733175,0.9508852426118607
0.3743175,0.9109029938969961
0.3753175,0.9517981981442853
0.3763175,0.9160152893881627
0.37731752,0.9562307607889988
0.3783175,0.9144781886387656
0.3793175,0.9426426761608916
0.3803175,0.9312669129646182
0.3813175,0.9465616422909465
0.3823175,0.9359348808909785
0.3833175,0.9483832932164562
0.38431752,0.9544056164577502
0.3853175,0.9421652729440463
0.3863175,0.9536793665132068
0.3873175,0.9235497707494512
0.3883175,0.9359937497766723
0.3893175,0.9197018164039664
0.3903175,0.9392832830966715
0.39131752,0.9263206397967637
0.3923175,0.9208882649297709
0.3933175,0.9178856558542734
0.3943175,0.9341974281249504
0.3953175,0.9340133255269015
0.3963175,0.9233362457783549
0.3973175,0.9273230470679041
0.39831752,0.9453967962167164
0.3993175,0.9381461700359333
0.4003175,0.9138156988224195
0.4013175,0.9222914833406168
0.4023175,0.9342551138863476
0.4033175,0.9217133316278482
0.4043175,0.9318646395914045
0.40531752,0.9020991755414802
0.4063175,0.9254075159332397
0.40731752,0.8952624106966482
0.4083175,0.9206722429960343
0.4093175,0.9075837138601254
0.4103175,0.9149346505015994
0.4113175,0.8997755692830735
0.4123175,0.920080140378407
0.4133175,0.9122184025177336
0.41431752,0.8834071735579666
0.4153175,0.8893803391487537
0.4163175,0.8795495276770231
0.4173175,0.917481048512111
0.4183175,0.8798932363954752
0.4193175,0.9074126378240475
0.4203175,0.8704957408668399
0.42131752,0.904888802086064
0.4223175,0.878624416322404
0.4233175,0.8984738750337237
0.4243175,0.8936799440703824
0.4253175,0.9060828213948106
0.4263175,0.9057960004677472
0.4273175,0.9035959325737478
0.42831752,0.8835632824041949
0.4293175,0.8618403439222276
0.4303175,0.8682851597599576
0.4313175,0.8762408272381425
0.4323175,0.8619500232584166
0.4333175,0.8632383240958994
0.4343175,0.8757002830181834
0.43531752,0.8810863942860402
0.4363175,0.8721822673198166
0.4373175,0.8785040129043289
0.4383175,0.891141464929456
0.4393175,0.8960217509946301
0.4403175,0.8819468558513428
0.4413175,0.8892419631542396
0.44231752,0.8784772542302403
0.4433175,0.8464320685488342
0.44431752,0.862809306904172
0.4453175,0.863509542246725
0.4463175,0.8832263525432654
0.4473175,0.8586269872784787
0.4483175,0.8824290055421072
0.4493175,0.8574337974355136
0.4503175,0.8842918618271748
0.45131752,0.8822925509217207
0.4523175,0.8825865842174954
0.4533175,0.8785704740037705
0.4543175,0.888964800289848
0.4553175,0.8968836827722715
0.4563175,0.8644073033599734
0.4573175,0.87599208322863
0.45831752,0.842212404784343
0.4593175,0.8955562963859393
0.4603175,0.8686728611191018
0.4613175,0.872949514532147
0.4623175,0.8522089430111476
0.4633175,0.8735758574962205
0.4643175,0.8947055751393822
0.46531752,0.870576809513069
0.4663175,0.8792185931018406
0.4673175,0.867800318581522
0.4683175,0.9016195480058327
0.4693175,0.8659069041810682
0.4703175,0.881715448594808
0.4713175,0.8644165020657829
0.47231752,0.8766520729068378
0.4733175,0.8755360836696146
0.4743175,0.8958498042838633
0.4753175,0.892407327057267
0.4763175,0.8586286078458204
0.4773175,0.8981526141289307
0.4783175,0.8718790197999734
0.47931752,0.8882956751107275
0.4803175,0.8555664421278478
0.4813175,0.8840926795794096
0.4823175,0.8821036535993728
0.4833175,0.9070076759770367
0.4843175,0.8814907507911398
0.4853175,0.8822232571415486
0.48631752,0.8866811988680847
0.4873175,0.8843047195164134
0.48831752,0.8979163336050096
0.4893175,0.8676373975664532
0.4903175,0.8681202354715718
0.4913175,0.8584946063557355
0.4923175,0.87390005765553
0.4933175,0.8567802585306954
0.4943175,0.86237634975015
0.49531752,0.861006074463033
0.4963175,0.8947635664793959
0.4973175,0.8884791056755408
0.4983175,0.8753064715222829
0.4993175,0.8748517791808841
0.5003175,0.8887039941572726
0.5013175,0.8718494412179534
0.5023175,0.8828116250937666
0.5033175,0.8672552464861745
0.5043175,0.8889419969834307
0.5053175,0.8602027651245732
0.5063175,0.8960682257695217
0.5073175,0.859197925107309
0.50831753,0.8878225859245799
0.5093175,0.8653312739615341
0.5103175,0.8902408563628809
0.5113175,0.8870349068714783
0.5123175,0.8738524486371273
0.5133175,0.8708548954696497
0.5143175,0.8696542626199439
0.5153175,0.8838643286776432
0.5163175,0.8550332298589353
0.51731753,0.8778294864954199
0.5183175,0.8472491296798015
0.5193175,0.8821837836558611
0.5203175,0.8572051640219226
0.5213175,0.8830576034707424
0.5223175,0.8616801084641711
0.5233175,0.864495892431108
0.5243175,0.8764001006662291
0.5253175,0.8778653943679333
0.5263175,0.8700919651239456
0.5273175,0.8517905823634407
0.5283175,0.8623137372495362
0.5293175,0.8794982885442939
0.5303175,0.876214021216354
0.53131753,0.8629567946254404
0.5323175,0.8563220599562521
0.5333175,0.8748512770820033
0.5343175,0.8558636144267702
0.5353175,0.8832767654353475
0.5363175,0.8370737668294747
0.5373175,0.8773405496008075
0.5383175,0.8615896584513596
0.5393175,0.8917238259904561
0.5403175,0.8639210365797692
0.5413175,0.8727985080375693
0.5423175,0.8699879592269005
0.5433175,0.8899868336450617
0.5443175,0.8879553181935271
0.54531753,0.8488242801040325
0.5463175,0.8679815362240376
0.5473175,0.8508116316612411
0.5483175,0.884016682783172
0.5493175,0.8363773857072521
0.5503175,0.863926181920229
0.5513175,0.8417125802801294
0.5523175,0.8856641496364632
0.5533175,0.8626731702350299
0.55431753,0.8787443695802579
0.5553175,0.8693897500630887
0.5563175,0.8876487646426348
0.5573175,0.8934358483952662
0.5583175,0.8929048718416271
0.5593175,0.8681414720867553
0.5603175,0.8550539327392433
0.5613175,0.8713539580058616
0.5623175,0.867791583183379
0.5633175,0.846511493669491
0.5643175,0.8453627718185673
0.5653175,0.849706555021592
0.5663175,0.8722862165865176
0.5673175,0.8565521590237294
0.56831753,0.8691464748129784
0.5693175,0.8620745949820291
0.5703175,0.8892877841058746
0.5713175,0.8738647003157892
0.5723175,0.8876222055941883
0.5733175,0.8763675847643324
0.5743175,0.8576091772672886
0.5753175,0.8723433690389056
0.5763175,0.856952080548088
0.5773175,0.8855477338902394
0.5783175,0.8404762191492048
0.5793175,0.8829934531757998
0.5803175,0.8486090489133884
0.5813175,0.8707722780441847
0.58231753,0.8352301952007364
0.5833175,0.8671355062860214
0.5843175,0.8547416542444587
0.5853175,0.8758609453565289
0.5863175,0.85879316564444
0.5873175,0.8736552124370203
0.5883175,0.865758617998427
0.5893175,0.856099138008589
0.5903175,0.8698378652151497
0.59131753,0.8652035679899217
0.5923175,0.8462252638668495
0.5933175,0.8506758009976187
0.5943175,0.8456494973366648
0.5953175,0.847535519045633
0.5963175,0.8417819060743099
0.5973175,0.8426749907098489
0.5983175,0.8547753540576996
0.5993175,0.8632319727531678
0.6003175,0.8701369978131736
0.6013175,0.8623625950180303
0.6023175,0.862108043283737
0.6033175,0.8544638269500298
0.6043175,0.8624864423264832
0.60531753,0.8448726578657464
0.6063175,0.8725198674701076
0.6073175,0.8368664793681889
0.6083175,0.8818107983957612
0.6093175,0.83961569591408
0.6103175,0.865460604632137
0.6113175,0.8305977215311471
0.6123175,0.8703652165791024
0.6133175,0.8657099598920461
0.6143175,0.8730891728446623
0.6153175,0.86088295451378
0.6163175,0.8600161028720886
0.6173175,0.8549925046418649
0.6183175,0.8528905685117476
0.61931753,0.8545103914679747
0.6203175,0.8404871137121496
0.6213175,0.8470519807308812
0.6223175,0.8355867256253726
0.6233175,0.8499285127767535
0.6243175,0.8347067208801325
0.6253175,0.8489969431852168
0.6263175,0.8568578576401499
0.6273175,0.874688338070646
0.6283175,0.8636127144557245
0.6293175,0.860077115383552
0.6303175,0.8600576665274825
0.6313175,0.8675321570119581
0.6323175,0.8556014585001096
0.63331753,0.855164521785425
0.6343175,0.8505195057525041
0.6353175,0.8747996976424979
0.6363175,0.8379013229777261
0.6373175,0.8645170838763925
0.6383175,0.8263973051306163
0.6393175,0.8617684212790431
0.6403175,0.8326423182311641
0.6413175,0.8606200820219143
0.64231753,0.8592313815570901
0.6433175,0.8663057181877357
0.6443175,0.85539510452613
0.6453175,0.8588958980200556
0.6463175,0.8658400320771411
0.6473175,0.8602288287881527
0.6483175,0.8672769186617967
0.6493175,0.8612567508491932
0.6503175,0.8692546462629044
0.6513175,0.8404561817693211
0.6523175,0.8727583684301498
0.6533175,0.8251623076530716
0.6543175,0.8573301117083006
0.6553175,0.8481106726620496
0.65631753,0.8761133229540448
0.6573175,0.848240256658015
0.6583175,0.8610317512466261
0.6593175,0.8513771609835675
0.6603175,0.8772365499128788
0.6613175,0.8677929700359875
0.6623175,0.8535507125877411
0.6633175,0.8548907316597404
0.6643175,0.8702589107030744
0.6653175,0.8427914416676268
0.6663175,0.841300070044897
0.6673175,0.8191562932058679
0.6683175,0.8429143137902124
0.6693175,0.8405578450351492
0.67031753,0.846646603664551
0.6713175,0.8435407917756255
0.6723175,0.8479063117859048
0.6733175,0.8530732038786142
0.6743175,0.851399745304457
0.6753175,0.8573414663577715
0.6763175,0.8486665244045657
0.6773175,0.8570811116813954
0.6783175,0.8577891985063859
0.67931753,0.8622785068010601
0.6803175,0.8160758192089007
0.6813175,0.8593733455811684
0.6823175,0.8183449418993134
0.6833175,0.8586235301047493
0.6843175,0.8159367774524152
0.6853175,0.8445848767825609
0.6863175,0.8270892461982394
0.6873175,0.8528325111377417
0.6883175,0.8340888438547994
0.6893175,0.8356032345383345
0.6903175,0.8387575210019018
0.6913175,0.8433111323357279
0.6923175,0.8584047111426513
0.69331753,0.8341746445023869
0.6943175,0.8336574321678616
0.6953175,0.8104695403696704
0.6963175,0.8400086115813863
0.6973175,0.8210083911036987
0.6983175,0.8238623206269963
0.6993175,0.8046175461883894
0.7003175,0.839466514956592
0.7013175,0.8211546007174249
0.7023175,0.827745057503116
0.7033175,0.805260466587466
0.7043175,0.8376903513989339
0.7053175,0.8427740961844259
0.7063175,0.8359812128619786
0.70731753,0.8328615777351697
0.7083175,0.8351436674525877
0.7093175,0.8106244258803692
0.7103175,0.8336075743916029
0.7113175,0.8055630333247691
0.7123175,0.8286677833017804
0.7133175,0.8089352778781406
0.7143175,0.8371489914690867
0.7153175,0.8243338536306766
0.71631753,0.8366566879947838
0.7173175,0.8271396218018284
0.7183175,0.838955081245524
0.7193175,0.8389036625305211
0.7203175,0.8222471168418904
0.7213175,0.8405532575399005
0.7223175,0.8214913387222179
0.7233175,0.839400448388032
0.7243175,0.8103083862454917
0.7253175,0.8454523853473928
0.7263175,0.8142400539529596
0.7273175,0.832984523365884
0.7283175,0.8025950417794415
0.7293175,0.8454325307021604
0.73031753,0.8241872550699956
0.7313175,0.8435741459153782
0.7323175,0.814410046862335
0.7333175,0.8389543031876419
0.7343175,0.8402806732999134
0.7353175,0.8358965354731631
0.7363175,0.8422246695622745
0.7373175,0.8433489663803745
0.7383175,0.8288113438815153
0.7393175,0.8392131588932357
0.7403175,0.8166067157434828
0.7413175,0.8354763486534026
0.7423175,0.8063293916302936
0.7433175,0.8270233341917228
0.74431753,0.8305656499734281
0.7453175,0.8392246198258936
0.7463175,0.831851455937193
0.7473175,0.8292451346619638
0.7483175,0.8543780606722567
0.7493175,0.8575219824154295
0.7503175,0.8534493688810435
0.7513175,0.8534045697963136
0.7523175,0.8553381131630553
0.7533175,0.8265597256075531
0.7543175,0.8597336451661862
0.7553175,0.8170001965466965
0.7563175,0.8502398250371149
0.7573175,0.8108737817365246
0.75831753,0.8563544400108165
0.7593175,0.8314274635181617
0.7603175,0.8568463506650633
0.7613175,0.8292335550300554
0.7623175,0.8467984988181682
0.7633175,0.861065156851074
0.7643175,0.8616207404582673
0.7653175,0.8572763211337469
0.7663175,0.8616814697277153
0.76731753,0.8409043565831626
0.7683175,0.8336053337855146
0.7693175,0.8310774123800475
0.7703175,0.817715511561116
0.7713175,0.8412606012596462
0.7723175,0.8198595214105062
0.7733175,0.8641657105806881
0.7743175,0.8286243642668937
0.7753175,0.8582072937889245
0.7763175,0.8377756111697178
0.7773175,0.8428545699747906
0.7783175,0.8423725823697357
0.7793175,0.8527921662041567
0.7803175,0.8366863739619252
0.78131753,0.8689384907221175
0.7823175,0.8272877828111511
0.7833175,0.836168614084228
0.7843175,0.8160528767008608
0.7853175,0.8407468619724867
0.7863175,0.8304660258518352
0.7873175,0.8421241581881614
0.7883175,0.8523427818760065
0.7893175,0.852954564908695
0.7903175,0.8523894814555066
0.7913175,0.852351984486856
0.7923175,0.8470129322946431
0.7933175,0.8321085249906981
0.7943175,0.8521461633942067
0.79531753,0.8345696129160373
0.7963175,0.8608452814333023
0.7973175,0.8206752082122011
0.7983175,0.8615577651910203
0.7993175,0.8255569925124818
0.8003175,0.8692675006687434
0.8013175,0.8352526224441837
0.8023175,0.8684703075213187
0.8033175,0.8640578929413
0.80431753,0.8799779566546195
0.8053175,0.8633466412753027
0.8063175,0.8699825241966178
0.8073175,0.8793042011780985
0.8083175,0.8770010763148022
0.8093175,0.885812497565043
0.8103175,0.8754653049232825
0.8113175,0.855312263084993
0.8123175,0.8640970270253968
0.8133175,0.8721532156667887
0.8143175,0.8799399594757576
0.8153175,0.8691633915598136
0.8163175,0.8871472152571371
0.8173175,0.9209308529471201
0.81831753,0.9162803289376898
0.8193175,0.905685006913842
0.8203175,0.9051242508374937
0.8213175,0.9362078940940246
0.8223175,0.9418191734504834
0.8233175,0.9283840622380459
0.8243175,0.9357031071459393
0.8253175,0.9487041173557955
0.8263175,0.9371944222271752
0.8273175,0.9562367438821491
0.8283175,0.9261230187674867
0.8293175,0.9613147009730545
0.8303175,0.9569404088475748
0.8313175,0.9875256094043944
0.83231753,0.9779787680111469
0.8333175,0.9853797747497547
0.8343175,0.9893301283040922
0.8353175,1.005480228103306
0.8363175,1.002871310700781
0.8373175,0.9912319202275779
0.8383175,1.0227814581264314
0.8393175,1.0129830250418441
0.8403175,1.0450566563699704
0.84131753,1.0071494124764415
0.8423175,1.0430576214669505
0.8433175,1.0131126075316368
0.8443175,1.0590688822174548
0.8453175,1.0288892413684887
0.8463175,1.0674904066807496
0.8473175,1.0263175329970078
0.8483175,1.0703568689019654
0.8493175,1.0421915217079716
0.8503175,1.0698481883690716
0.8513175,1.0688608119049523
0.8523175,1.0862311570128647
0.8533175,1.0954277676296904
0.8543175,1.1054195165385317
0.85531753,1.101486791114842
0.8563175,1.105719004772582
0.8573175,1.1065090128278023
0.8583175,1.126664861021459
0.8593175,1.1118150281432406
0.8603175,1.1149501775799948
0.8613175,1.1278894504527759
0.8623175,1.1315619110805046
0.8633175,1.131068043736833
0.8643175,1.1230062922019741
0.8653175,1.1125510049546221
0.8663175,1.1344172335584206
0.8673175,1.1422236979801663
0.8683175,1.130397877482544
0.86931753,1.1332159350073714
0.8703175,1.1265728724735578
0.8713175,1.1743043434714193
0.8723175,1.1518914013957364
0.8733175,1.1842804556580517
0.8743175,1.1591878592191815
0.8753175,1.1898951126850137
0.8763175,1.1567221838885857
0.8773175,1.1872288002140308
0.8783175,1.1594408151108337
0.8793175,1.180126377924631
0.8803175,1.2084163404872694
0.8813175,1.2040338199642966
0.8823175,1.2011784227775049
0.88331753,1.2007151592454455
0.8843175,1.2070087800627178
0.8853175,1.1761200431656749
0.8863175,1.2130078751112896
0.8873175,1.1802365591805317
0.8883175,1.2217760148849683
0.8893175,1.1929146079715032
0.8903175,1.2286857750565656
0.8913175,1.2090044246243776
0.89231753,1.2325356813479418
0.8933175,1.2281313920153025
0.8943175,1.232154322148649
0.8953175,1.2285465278831151
0.8963175,1.2409407099200063
0.8973175,1.2343314268078487
0.8983175,1.2429752384625439
0.8993175,1.2168648542780982
0.9003175,1.22568636912513
0.9013175,1.2233018460019585
0.9023175,1.2365410455439219
0.9033175,1.233490479004094
0.9043175,1.2427402909649365
0.9053175,1.2620513055071632
0.90631753,1.268755953800762
0.9073175,1.2648412062789989
0.9083175,1.2724037040371694
0.9093175,1.2939028835069417
0.9103175,1.3041556166019097
0.9113175,1.2930995982692735
0.9123175,1.3056464643953736
0.9133175,1.3138827696039224
0.9143175,1.284976393583491
0.9153175,1.313608217599737
0.9163175,1.3028003160302484
0.9173175,1.3329401562461496
0.9183175,1.3014062451624693
0.9193175,1.336661629012875
0.92031753,1.330634088092408
0.9213175,1.3410846730274837
0.9223175,1.325547333833581
0.9233175,1.3428397010775865
0.9243175,1.3499833577301312
0.9253175,1.3457003402312295
0.9263175,1.3581263390672231
0.9273175,1.3537563722305714
0.9283175,1.355503839945535
0.92931753,1.3421136665502869
0.9303175,1.3561695246157193
0.9313175,1.3387816521868525
0.9323175,1.3556179701418294
0.9333175,1.345112824701453
0.9343175,1.3719779639808682
0.9353175,1.3536588832137575
0.9363175,1.3754392518939345
0.9373175,1.361407712400136
0.9383175,1.389543717216297
0.9393175,1.391574398389014
0.9403175,1.3932747340377136
0.9413175,1.4045559063587918
0.9423175,1.4084447779236493
0.94331753,1.3887349498360058
0.9443175,1.3850988558892918
0.9453175,1.3979712037664953
0.9463175,1.4078498973485278
0.9473175,1.3960587482133149
0.9483175,1.4017722349726593
0.9493175,1.4205010963953384
0.9503175,1.4155400185554328
0.9513175,1.4209461575552278
0.9523175,1.4123293356513211
0.9533175,1.4394291908899575
0.9543175,1.4468920271109218
0.9553175,1.4501453447736585
0.9563175,1.4550481603580567
0.95731753,1.465259644899329
0.9583175,1.4332803855104241
0.9593175,1.4784892075275078
0.9603175,1.4311351887810095
0.9613175,1.478014144147685
0.9623175,1.4506619513970886
0.9633175,1.4867267816224394
0.9643175,1.4547238263003033
0.9653175,1.4784102467430134
0.96631753,1.4602971055689045
0.9673175,1.4746441779974258
0.9683175,1.4850299287034598
0.9693175,1.4854332021834282
0.9703175,1.4904293990956528
0.9713175,1.4873451078387627
0.9723175,1.4818357862070841
0.9733175,1.459239582740225
0.9743175,1.4948949173006447
0.9753175,1.4727380370871903
0.9763175,1.5088559007040618
0.9773175,1.4750826849627308
0.9783175,1.5271055968512361
0.9793175,1.5007964196849668
0.98031753,1.5344504824307432
0.9813175,1.5098383329903233
0.9823175,1.5250299305412143
0.9833175,1.5408945409159855
0.9843175,1.5481031682357738
0.9853175,1.5408666259835913
0.9863175,1.5397580124514065
0.9873175,1.5215298232789254
0.9883175,1.5364805721319872
0.9893175,1.537186064957863
0.9903175,1.5483928283078414
0.9913175,1.5405408868998414
0.9923175,1.5556126064073021
0.9933175,1.5801269964930462
0.99431753,1.585688807129067
0.9953175,1.5695840319703196
0.9963175,1.5723396450720963
0.9973175,1.594879453953562
0.9983175,1.6009683954690295
0.9993175,1.5972046884556585
1.0003175,1.5966151148531686
1.0013175,1.6031276013963398
1.0023175,1.580254193223186
1.0033175,1.6084318337612922
1.0043175,1.57357529530618
1.0053174,1.6174096850425368
1.0063175,1.5790512224470623
1.0073175,1.6242839367521122
1.0083175,1.594554036418887
1.0093175,1.6164595835778057
1.0103176,1.6046051283984843
1.0113175,1.6147253311790342
1.0123175,1.6293021651573911
1.0133175,1.629986761837865
1.0143175,1.6384179126944067
1.0153176,1.6356933217070575
1.0163175,1.6330170176900398
1.0173175,1.6137614262627624
1.0183175,1.6385737843483068
1.0193175,1.6158973563869397
1.0203176,1.6432685660596034
1.0213175,1.618965893668221
1.0223175,1.6628114322734342
1.0233175,1.628513485615074
1.0243175,1.6570296068370487
1.0253175,1.6351049437980048
1.0263175,1.65049334884052
1.0273175,1.6747109765774013
1.0283175,1.6783583905585446
1.0293175,1.685151502488698
1.0303175,1.6915206688123778
1.0313175,1.6726496685278547
1.0323175,1.6970053989886569
1.0333174,1.675279709925425
1.0343175,1.707423406102542
1.0353175,1.6913443059738156
1.0363175,1.706968280925303
1.0373175,1.7136421011782978
1.0383176,1.716164169105723
1.0393175,1.7149141768406124
1.0403175,1.7128577952042094
1.0413175,1.722051640842672
1.0423175,1.7199159846436574
1.0433176,1.727667604555495
1.0443175,1.7219575279748185
1.0453175,1.729157395785401
1.0463175,1.684524968965454
1.0473175,1.7203005248558267
1.0483176,1.6592175636316295
1.0493175,1.6857948759961647
1.0503175,1.6429931415293662
1.0513175,1.659191488006373
1.0523175,1.6568115035369524
1.0533175,1.6585382796006733
1.0543175,1.6740521438996203
1.0553175,1.6410907817658682
1.0563174,1.6716532250188163
1.0573175,1.670912425790157
1.0583175,1.689604697311437
1.0593175,1.6898023133491937
1.0603175,1.6769168797661074
1.0613176,1.6839311462992295
1.0623175,1.6912554453337703
1.0633175,1.6812368441425083
1.0643175,1.6970034194131711
1.0653175,1.6895055247573605
1.0663176,1.720387829656994
1.0673175,1.710933641769108
1.0683175,1.7234339924539899
1.0693175,1.7169313625321967
1.0703175,1.7224394633551792
1.0713176,1.7240577554329766
1.0723175,1.7199259341344177
1.0733175,1.7292654890347963
1.0743175,1.730562115044475
1.0753175,1.712227467506407
1.0763175,1.7246479723218644
1.0773175,1.7206226484510299
1.0783175,1.7269378589147641
1.0793175,1.7265331500021632
1.0803175,1.7302969766775762
1.0813175,1.7718644627917812
1.0823175,1.7382062417115915
1.0833175,1.763436926500775
1.0843174,1.7385609564576985
1.0853175,1.7469093832157077
1.0863175,1.771403395633909
1.0873175,1.7342473149818554
1.0883175,1.7404672280389963
1.0893176,1.722268303900251
1.0903175,1.7156533776897878
1.0913175,1.7274728410509943
1.0923175,1.715089211551446
1.0933175,1.732736762469277
1.0943176,1.7391690734515695
1.0953175,1.7368414021787857
1.0963175,1.7456098495307486
1.0973175,1.7443138276959052
1.0983175,1.763534308972391
1.0993176,1.7470222700570226
1.1003175,1.7369542203278907
1.1013175,1.7556408869924196
1.1023175,1.7655119927227703
1.1033175,1.7535631296410719
1.1043175,1.7554980459191454
1.1053175,1.7324237828360634
1.1063175,1.772488235945883
1.1073174,1.748864661510777
1.1083175,1.8022017136100097
1.1093175,1.7365239155497312
1.1103175,1.7476503720908763
1.1113175,1.7340546123797005
1.1123176,1.7352746440943212
1.1133175,1.721207257463479
1.1143175,1.7378355772093672
1.1153175,1.7434980603280619
1.1163175,1.7490487742458587
1.1173176,1.7498740289290666
1.1183175,1.754201080615646
1.1193175,1.7523151055842603
1.1203175,1.73685302919092
1.1213175,1.745977010769438
1.1223176,1.7377475136623801
1.1233175,1.7560385976039252
1.1243175,1.7373437854117262
1.1253175,1.7653877196422867
1.1263175,1.743761018259702
1.1273175,1.766992394935661
1.1283175,1.7370835553011243
1.1293175,1.7506326916314952
1.1303174,1.7846264814190773
1.1313175,1.7904522668096825
1.1323175,1.802784332183077
1.1333175,1.7949534714611441
1.1343175,1.7825981301056117
1.1353176,1.7846315153861676
1.1363175,1.7686161160342253
1.1373175,1.7788031670660898
1.1383175,1.7640722336683379
1.1393175,1.7625822898528636
1.1403176,1.7732533533025194
1.1413175,1.7782643206593862
1.1423175,1.7756392111193011
1.1433175,1.7710642278069988
1.1443175,1.7593526781441993
1.1453176,1.7917518655078761
1.1463175,1.801550142602091
1.1473175,1.7894649494607797
1.1483175,1.7966456764150152
1.1493175,1.784808371434557
1.1503175,1.8185426812932797
1.1513175,1.7818744584864645
1.1523175,1.7970910251041954
1.1533175,1.744847577171336
1.1543175,1.7712393406758016
1.1553175,1.747850142467791
1.1563175,1.7615560724120598
1.1573175,1.748576558808739
1.1583174,1.7600133746032134
1.1593175,1.7910087479504118
1.1603175,1.7812025830987632
1.1613175,1.7817153622291024
1.1623175,1.7913866702007906
1.1633176,1.783278743926291
1.1643175,1.7671432615116054
1.1653175,1.7885623339139192
1.1663175,1.7709272731139516
1.1673175,1.8029597276960245
1.1683176,1.7857410867448382
1.1693175,1.8183221191675554
1.1703175,1.7957638022199789
1.1713175,1.8034657442078559
1.1723175,1.8146670928940343
1.1733176,1.8110904070579776
1.1743175,1.7723132459771906
1.1753175,1.7673213922415125
1.1763175,1.717282010410809
1.1773175,1.7389167996689021
1.1783175,1.6902043813336085
1.1793175,1.7014507962853058
1.1803175,1.7022254434035922
1.1813174,1.715256137879431
1.1823175,1.71563698660667
1.1833175,1.7266545392922128
1.1843175,1.7602268938606347
1.1853175,1.7685939579609118
1.1863176,1.7654410441885608
1.1873175,1.765875738657925
1.1883175,1.7375864881904124
1.1893175,1.7016289949556194
1.1903175,1.7289170437914156
1.1913176,1.6916705189420012
1.1923175,1.7011730568234273
1.1933175,1.683849530380424
1.1943175,1.6952986636926786
1.1953175,1.6926474655925379
1.1963176,1.7013533130273906
1.1973175,1.7163496973736714
1.1983175,1.7018296661460612
1.1993175,1.7493597355423227
1.2003175,1.7265686044757111
1.2013175,1.7522466184856713
1.2023175,1.7230329951037258
1.2033175,1.7430288356510268
1.2043175,1.7567995078671
1.2053175,1.7607828345475351
1.2063175,1.7615295908864934
1.2073175,1.7535674024307266
1.2083175,1.7259666700179848
1.2093174,1.7661283269885606
1.2103175,1.7292838213789599
1.2113175,1.7634109635721726
1.2123175,1.6920825710635081
1.2133175,1.7108472033221052
1.2143176,1.6809319464205703
1.2153175,1.699614829766566
1.2163175,1.6886276962208673
1.2173175,1.7085622125329964
1.2183175,1.7090275807785331
1.2193176,1.6862392048162838
1.2203175,1.725191684002552
1.2213175,1.6972078187075545
1.2223175,1.7226021757695622
1.2233175,1.6996368625242393
1.2243176,1.7247619393906684
1.2253175,1.730743970673859
1.2263175,1.7240706267628012
1.2273175,1.6927214939354902
1.2283175,1.7216529875628532
1.2293175,1.680646392391576
1.2303175,1.7156825162873635
1.2313175,1.681694975949533
1.2323174,1.738482091440242
1.2333175,1.7265555695310038
1.2343175,1.7452095925622388
1.2353175,1.723567570020986
1.2363175,1.7219186531901396
1.2373176,1.6952878672047509
1.2383175,1.7126455417811426
1.2393175,1.6915663081109251
1.2403175,1.7039386721108043
1.2413175,1.6941770832801015
1.2423176,1.6802976827102203
1.2433175,1.674741297563696
1.2443175,1.6702480856673227
1.2453175,1.6700492969276612
1.2463175,1.657647729488453
1.2473176,1.6906381348891621
1.2483175,1.6999379172668552
1.2493175,1.6887584235773732
1.2503175,1.663765331079136
1.2513175,1.6894458027419257
1.2523175,1.6463213246924737
1.2533175,1.6399142179028519
1.2543175,1.6526402206585866
1.2553174,1.6240573069648272
1.2563175,1.6282309839897187
1.2573175,1.623747365561166
1.2583175,1.6312758891825547
1.2593175,1.610777914851882
1.2603176,1.649913286836773
1.2613175,1.6266731643873298
1.2623175,1.6383127892441454
1.2633175,1.6230466893808402
1.2643175,1.637425317217295
1.2653176,1.598482082129203
1.2663175,1.6244624117137028
1.2673175,1.6427278776690888
1.2683175,1.6226946553977335
1.2693175,1.6413822379269953
1.2703176,1.6556237569027235
1.2713175,1.6523996129454535
1.2723175,1.6444613540471404
1.2733175,1.6353345758288869
1.2743175,1.646609108198833
1.2753175,1.6621540702449757
1.2763175,1.6414116042710327
1.2773175,1.6469471027490323
1.2783175,1.664154109168077
1.2793175,1.6370298813053432
1.2803175,1.6211804479542857
1.2813175,1.6001094969359015
1.2823175,1.58334402888048
1.2833174,1.6018648448761288
1.2843175,1.5909582056294944
1.2853175,1.5958871120247435
1.2863175,1.5789886000569295
1.2873175,1.620420090366607
1.2883176,1.6323447047105986
1.2893175,1.5986161821562739
1.2903175,1.5981875045158997
1.2913175,1.6043832885361915
1.2923175,1.5991341702144843
1.2933176,1.6051934320136796
1.2943175,1.5857135632621324
1.2953175,1.5756621499682189
1.2963175,1.5648987166673882
1.2973175,1.595055595799117
1.2983176,1.5636703215650498
1.2993175,1.571668766090172
1.3003175,1.554589040406009
1.3013175,1.5677065595169748
1.3023175,1.5709779767683145
1.3033175,1.56133830830282
1.3043175,1.5628821217350803
1.3053175,1.5926449229865718
1.3063174,1.6142388229371134
1.3073175,1.60600712525128
1.3083175,1.6084593140543193
1.3093175,1.6026704323097065
1.3103175,1.6039130887320503
1.3113176,1.59333358958798
1.3123175,1.6100969035113848
1.3133175,1.5735328277662781
1.3143175,1.6089292256633112
1.3153175,1.589124825542114
1.3163176,1.538181552972746
1.3173175,1.4862479932946038
1.3183175,1.475788284226906
1.3193175,1.514379109737371
1.3203175,1.5135472953882811
1.3213176,1.4881557823953495
1.3223175,1.475414146631179
1.3233175,1.4395979763355355
1.3243175,1.432648458590804
1.3253175,1.4489805516987866
1.3263175,1.4512686493784432
1.3273175,1.440585400054337
1.3283175,1.4486194054105865
1.3293175,1.4569843990108873
1.3303175,1.42634899586542
1.3313175,1.4047151704873633
1.3323175,1.4014514123670996
1.3333175,1.414963556116092
1.3343174,1.4404108045536697
1.3353175,1.4215316718359556
1.3363175,1.4044666293401005
1.3373175,1.419677987164929
1.3383175,1.4474620459463128
1.3393176,1.4159565498782076
1.3403175,1.4180303491981916
1.3413175,1.4117424023832135
1.3423175,1.4440147376105823
1.3433175,1.4027426777743084
1.3443176,1.4268171348874576
1.3453175,1.3875971400013314
1.3463175,1.4248460327575752
1.3473175,1.3754321784639885
1.3483175,1.3933627615070054
1.3493176,1.373668382479512
1.3503175,1.3888408529728922
1.3513175,1.3985729296207803
1.3523175,1.4015394918800554
1.3533175,1.4190557610172676
1.3543175,1.4049893024682818
1.3553175,1.426582958883761
1.3563175,1.4305104719213517
1.3573174,1.4414436544155127
1.3583175,1.4367017756393596
1.3593175,1.4635673721923683
1.3603175,1.4424625513888403
1.3613175,1.4669217601605233
1.3623176,1.4715970795518907
1.3633175,1.4574345711244774
1.3643175,1.4503689460761613
1.3653175,1.4421738205280825
1.3663175,1.4508645898948063
1.3673176,1.4568514772856045
1.3683175,1.422356496022126
1.3693175,1.440960806163642
1.3703175,1.4126057350257135
1.3713175,1.4581115996733
1.3723176,1.418998567473431
1.3733175,1.4545345997100079
1.3743175,1.4230195669295638
1.3753175,1.4347665089338437
1.3763175,1.4200552026143038
1.3773175,1.4354908001995335
1.3783175,1.435449033813622
1.3793175,1.439645511958327
1.3803174,1.4758492496959972
1.3813175,1.4644610656555899
1.3823175,1.458380745628102
1.3833175,1.4340064960690941
1.3843175,1.4493033931187593
1.3853176,1.4239599806033603
1.3863175,1.4232907731472464
1.3873175,1.3793411621592513
1.3883175,1.3741259648901902
1.3893175,1.3902892786481162
1.3903176,1.3918945714022917
1.3913175,1.4298810262868116
1.3923175,1.40022046105405
1.3933175,1.4553274568413164
1.3943175,1.435001319813505
1.3953176,1.427567940639466
1.3963175,1.448291134874919
1.3973175,1.457785599857039
1.3983175,1.4355525617610427
1.3993175,1.4725584907746716
1.4003175,1.4843420345024796
1.4013175,1.493027342476582
1.4023175,1.458707210398855
1.4033175,1.4933817167681378
1.4043175,1.4490410920935457
1.4053175,1.4376497649379252
1.4063175,1.4135318962198018
1.4073175,1.4249457707046622
1.4083174,1.4238332941535774
1.4093175,1.4342533450093675
1.4103175,1.4347485640066708
1.4113175,1.3893696010461585
1.4123175,1.4388060538978642
1.4133176,1.4184717643599258
1.4143175,1.4698626658648575
1.4153175,1.4364227752679788
1.4163175,1.4812629396444297
1.4173175,1.4490279708060954
1.4183176,1.5000875152540294
1.4193175,1.465456897220466
1.4203175,1.4770789515788438
1.4213175,1.4711343169920428
1.4223175,1.4880674117583914
1.4233176,1.4840286952908943
1.4243175,1.4503264191200986
1.4253175,1.4171125377136955
1.4263175,1.427490435913078
1.4273175,1.4085512025217688
1.4283175,1.4202519949009753
1.4293175,1.4025062278119782
1.4303175,1.4154406100021577
1.4313174,1.4390790192906646
1.4323175,1.4705404161588913
1.4333175,1.4457091084150193
1.4343175,1.4498037232606393
1.4353175,1.4846019581373406
1.4363176,1.4940870906546346
1.4373175,1.4944883203141317
1.4383175,1.486761127812941
1.4393175,1.5020932680073935
1.4403175,1.4925499180745925
1.4413176,1.4869577281980941
1.4423175,1.5007508639088138
1.4433175,1.46132647056894
1.4443175,1.470047945239598
1.4453175,1.4509272158622244
1.4463176,1.4979044559674655
1.4473175,1.445370250570271
1.4483175,1.467262939249384
1.4493175,1.4182487032505338
1.4503175,1.4502453357743024
1.4513175,1.4740884657982511
1.4523175,1.4731595518329952
1.4533175,1.4830592605391133
1.4543175,1.4652654804389973
1.4553175,1.4800653664804921
1.4563175,1.512851335729366
1.4573175,1.469009732268278
1.4583175,1.47325177254727
1.4593174,1.45269206274077
1.4603175,1.4861908851682177
1.4613175,1.4461767735549897
1.4623175,1.4656362989703462
1.4633175,1.4475879152282327
1.4643176,1.4880910116043786
1.4653175,1.4670054335586193
1.4663175,1.4834141758653616
1.4673175,1.480233854902009
1.4683175,1.5291311628858575
1.4693176,1.53339912782714
1.4703175,1.5258958493530945
1.4713175,1.5179602523566191
1.4723175,1.546683935617
1.4733175,1.547302083909248
1.4743176,1.547107877106288
1.4753175,1.5224193175716374
1.4763175,1.5124042597063012
1.4773175,1.5029936719270767
1.4783175,1.480723572935289
1.4793175,1.4772656859377218
1.4803175,1.4878215199152736
1.4813175,1.486104676009949
1.4823174,1.4537971037079565
1.4833175,1.4799494070169896
1.4843175,1.5121350854596696
1.4853175,1.5060600932093116
1.4863175,1.5058029306344898
1.4873176,1.5130215797327349
1.4883175,1.5445546181188337
1.4893175,1.543663537582018
1.4903175,1.5112335130737304
1.4913175,1.5600994095881158
1.4923176,1.5220605923940977
1.4933175,1.5662671391862404
1.4943175,1.508265848806203
1.4953175,1.5298023359619968
1.4963175,1.5068423807314204
1.4973176,1.519225435551392
1.4983175,1.540994930864377
1.4993175,1.5286230344101412
1.5003175,1.5173792738264833
1.5013175,1.5321725441480807
1.5023175,1.5533056535524534
1.5033175,1.5240831702541677
1.5043175,1.5635198306892693
1.5053174,1.5600174455307791
1.5063175,1.5865146576879827
1.5073175,1.5561109586258073
1.5083175,1.5306497478221577
1.5093175,1.564883805906475
1.5103176,1.520906805553091
1.5113175,1.5710804664041071
1.5123175,1.5262697069345523
1.5133175,1.5058141221881027
1.5143175,1.5154845249090685
1.5153176,1.5032831944860294
1.5163175,1.5247831165613068
1.5173175,1.4927602989124673
1.5183175,1.4999482641527162
1.5193175,1.5446795098936572
1.5203176,1.533471695702291
1.5213175,1.5933120573642916
1.5223175,1.5456264369437627
1.5233175,1.5877748131839906
1.5243175,1.571413483904587
1.5253175,1.5896962831800017
1.5263175,1.6124522388154616
1.5273175,1.578960159857578
1.5283175,1.5963741182965507
1.5293175,1.5969937006654573
1.5303175,1.5800111675839408
1.5313175,1.5720515985111227
1.5323175,1.5632621736925814
1.5333174,1.5642606200948928
1.5343175,1.583392735269255
1.5353175,1.5852997376981983
1.5363175,1.5878627888385426
1.5373175,1.566226364743287
1.5383176,1.5981496106251205
1.5393175,1.6408646749757552
1.5403175,1.6372763384804265
1.5413175,1.6174023638010842
1.5423175,1.6284718297435679
1.5433176,1.662469498988814
1.5443175,1.6433274241589504
1.5453175,1.626976823880838
1.5463175,1.601403999284991
1.5473175,1.5856028376530953
1.5483176,1.5842168901036113
1.5493175,1.5601056822134443
1.5503175,1.5704786338040366
1.5513175,1.562905952643015
1.5523175,1.5712749190643454
1.5533175,1.6038131957801578
1.5543175,1.5890679929997573
1.5553175,1.6256984344641494
1.5563174,1.6372680947240743
1.5573175,1.652366312940709
1.5583175,1.6586228257121303
1.5593175,1.6578336806653924
1.5603175,1.6507928117894783
1.5613176,1.650303002963136
1.5623175,1.645907608039261
1.5633175,1.641928030918141
1.5643175,1.6411707856251467
1.5653175,1.6328932927571511
1.5663176,1.6230439608029081
1.5673175,1.6124545799926624
1.5683175,1.6310533694578742
1.5693175,1.6417961526232763
1.5703175,1.6052550233180656
1.5713176,1.6099033527286868
1.5723175,1.6576005178528164
1.5733175,1.6603893802859528
1.5743175,1.6644646510893748
1.5753175,1.6755333640652208
1.5763175,1.6865404888389919
1.5773175,1.6900194246137994
1.5783175,1.7070524306168515
1.5793175,1.6944802977853421
1.5803175,1.7073129844150294
1.5813175,1.655653456052836
1.5823175,1.661310486096626
1.5833175,1.629356135314049
1.5843174,1.6146958422917341
1.5853175,1.605215616748315
1.5863175,1.5977926955620059
1.5873175,1.6242414169856731
1.5883175,1.6124366851411698
1.5893176,1.6296111788144458
1.5903175,1.6159542955110056
1.5913175,1.6584458694099151
1.5923175,1.6791696201004307
1.5933175,1.6911863400345402
1.5943176,1.7004587715442556
1.5953175,1.7032836953409816
1.5963175,1.6834479065758223
1.5973175,1.7063090068641533
1.5983175,1.6702570345473646
1.5993176,1.6959129818602647
1.6003175,1.6431328098741387
1.6013175,1.6405204816537355
1.6023175,1.655350099457257
1.6033175,1.6253789850987048
1.6043175,1.6636601619126605
1.6053175,1.6279430267728203
1.6063175,1.6210990644117604
1.6073174,1.6870044398603818
1.6083175,1.6550696552035882
1.6093175,1.6866222269771844
1.6103175,1.6821685636906991
1.6113175,1.6644654751601098
1.6123176,1.6718735861757636
1.6133175,1.6401267180209378
1.6143175,1.66351404665344
1.6153175,1.6354646724185877
1.6163175,1.6222904598455752
1.6173176,1.6416505127932988
1.6183175,1.6061603015748322
1.6193175,1.6396291911411507
1.6203175,1.6085931709051637
1.6213175,1.5918470848397694
1.6223176,1.588221576758624
1.6233175,1.6312338921115483
1.6243175,1.6228665929964161
1.6253175,1.6558135600793746
1.6263175,1.676574949826733
1.6273175,1.677776797443891
1.6283175,1.6932299226388559
1.6293175,1.6889533601034699
1.6303174,1.6994396173449584
1.6313175,1.7195009300221715
1.6323175,1.7340975583321543
1.6333175,1.6965264890047902
1.6343175,1.7280741271096247
1.6353176,1.6509385773756866
1.6363175,1.6313544038841414
1.6373175,1.6686416320019457
1.6383175,1.6335599839880681
1.6393175,1.631068198203583
1.6403176,1.6609163646275524
1.6413175,1.6299646379075894
1.6423175,1.666556095087938
1.6433175,1.6753892948791345
1.6443175,1.684760087985661
1.6453176,1.7457432624215217
1.6463175,1.7258520891218405
1.6473175,1.7328983674653602
1.6483175,1.7581752294602517
1.6493175,1.7102964318503724
1.6503175,1.7433081365587448
1.6513175,1.6988450160941266
1.6523175,1.6660140312275815
1.6533175,1.6366585334955723
1.6543175,1.6288761250675872
1.6553175,1.6231365539881548
1.6563175,1.6388163877448325
1.6573175,1.6607297099780864
1.6583174,1.633524077970248
1.6593175,1.6820393735229804
1.6603175,1.6637379581665939
1.6613175,1.7260390833915609
1.6623175,1.7324299525227929
1.6633176,1.7068221137980126
1.6643175,1.7330901985902094
1.6653175,1.7433444951354669
1.6663175,1.7595105419032107
1.6673175,1.7110992185702176
1.6683176,1.729967618856938
1.6693175,1.6992445022385172
1.6703175,1.744337172595879
1.6713175,1.6893968455876487
1.6723175,1.7152160487902872
1.6733176,1.6694910573188801
1.6743175,1.7305764222471676
1.6753175,1.6787109239729021
1.6763175,1.6851500675088054
1.6773175,1.7257713462747637
1.6783175,1.720524278005457
1.6793175,1.7633740692116766
1.6803175,1.7423806926851597
1.6813174,1.7628347117516991
1.6823175,1.809445038274754
1.6833175,1.7723877739353293
1.6843175,1.7930003587830805
1.6853175,1.7650816442517687
1.6863176,1.7689475570876383
1.6873175,1.7779727650455401
1.6883175,1.772150282242503
1.6893175,1.762981794082672
1.6903175,1.7616827110810351
1.6913176,1.7682775638862496
1.6923175,1.7633565179788004
1.6933175,1.7214108588683796
1.6943175,1.6874650675848435
1.6953175,1.7186740578667554
1.6963176,1.7140933319511802
1.6973175,1.7471693511951756
1.6983175,1.710885161466343
1.6993175,1.7697210406115376
1.7003175,1.7508844480502785
1.7013175,1.7526695558875778
1.7023175,1.7133114553047153
1.7033175,1.741894411518251
1.7043175,1.7392024479754105
1.7053175,1.752562600906974
1.7063175,1.7701710351533153
1.7073175,1.763008156263443
1.7083175,1.7521142697841643
1.7093174,1.7824074237693468
1.7103175,1.7788392169803684
1.7113175,1.7436961720222692
1.7123175,1.770556182823839
1.7133175,1.7438170761683638
1.7143176,1.766959953413763
1.7153175,1.7540677534177
1.7163175,1.7311152227129352
1.7173175,1.7699048971794993
1.7183175,1.7547502300459619
1.7193176,1.8000470275104987
1.7203175,1.767369581167059
1.7213175,1.7825665326953914
1.7223175,1.8046049027328435
1.7233175,1.809698040922639
1.7243176,1.8186950509855153
1.7253175,1.7961177319540913
1.7263175,1.8154950361752238
1.7273175,1.8593895919757484
1.7283175,1.8323075373502875
1.7293175,1.8399621975522475
1.7303175,1.799874307802909
1.7313175,1.855139091408982
1.7323174,1.8308899897030577
1.7333175,1.8337840479187695
1.7343175,1.8255072553501621
1.7353175,1.826623196346125
1.7363175,1.8244004736613966
1.7373176,1.8057456557158638
1.7383175,1.7932223580521258
1.7393175,1.8007139685457831
1.7403175,1.812413702799441
1.7413175,1.80337463527931
1.7423176,1.8238867059196202
1.7433175,1.7927210973494692
1.7443175,1.8030153356361636
1.7453175,1.7884530820177351
1.7463175,1.8132293924695555
1.7473176,1.781937481795884
1.7483175,1.807863351584339
1.7493175,1.776784938580421
1.7503175,1.7837747426846562
1.7513175,1.8096601841894484
1.7523175,1.7840175325068282
1.7533175,1.8114527843054156
1.7543175,1.8036341406648966
1.7553174,1.8238687394316278
1.7563175,1.8338906165599669
1.7573175,1.8173558511707457
1.7583175,1.8332639719289547
1.7593175,1.836497825110379
1.7603176,1.8250306785123347
1.7613175,1.8498796036897964
1.7623175,1.8385214204124911
1.7633175,1.8530968593537054
1.7643175,1.819515621960913
1.7653176,1.8211075068810991
1.7663175,1.8625576671792683
1.7673175,1.8531351974227157
1.7683175,1.8518761086154254
1.7693175,1.8553402961214773
1.7703176,1.8456890570981288
1.7713175,1.8755476759186984
1.7723175,1.8791560861864907
1.7733175,1.8810899354094224
1.7743175,1.8405284898807055
1.7753175,1.8183826649927883
1.7763175,1.8157980670895786
1.7773175,1.7953252195934077
1.7783175,1.8125948543833856
1.7793175,1.795579461018779
1.7803175,1.7877535830574156
1.7813175,1.7606379759159176
1.7823175,1.7552992327309966
1.7833174,1.7526516715133866
1.7843175,1.7388865839061907
1.7853175,1.7268999423085623
1.7863175,1.7210659262972332
1.7873175,1.6930231617043163
1.7883176,1.7287765613311408
1.7893175,1.6880849199637882
1.7903175,1.6846932652412236
1.7913175,1.6816882237744042
1.7923175,1.6708480272507242
1.7933176,1.6702715267434802
1.7943175,1.649395855464986
1.7953175,1.6615354452914928
1.7963175,1.6054125803915151
1.7973175,1.618541953685452
1.7983176,1.5689378555141782
1.7993175,1.5648688514751388
1.8003175,1.545931640359069
1.8013175,1.561973685734316
1.8023175,1.538170164467794
1.8033175,1.5142016399175726
1.8043175,1.4733780852147118
1.8053175,1.4932719927061353
1.8063174,1.5070198289491121
1.8073175,1.4644036227448776
1.8083175,1.4941339627759924
1.8093175,1.4370468986551153
1.8103175,1.4352301229421067
1.8113176,1.4444931709861917
1.8123175,1.4036434170251526
1.8133175,1.381601209705636
1.8143175,1.3495236045432013
1.8153175,1.3386268637176169
1.8163176,1.3474205681243292
1.8173175,1.2885642240854807
1.8183175,1.2911925211425832
1.8193175,1.2919907636570411
1.8203175,1.2507397049526854
1.8213176,1.247669805212775
1.8223175,1.2392823158801782
1.8233175,1.2900506963959337
1.8243175,1.2637575035557318
1.8253175,1.2744605639229367
1.8263175,1.2742646711042032
1.8273175,1.2761426672782807
1.8283175,1.2309546673389502
1.8293175,1.2425934991160132
1.8303175,1.216102877528354
1.8313175,1.2125267179913228
1.8323175,1.157833191191682
1.8333175,1.1597998443030435
1.8343174,1.131014043291163
1.8353175,1.094573792487411
1.8363175,1.1242343326659578
1.8373175,1.0858275866841542
1.8383175,1.1132799480519544
1.8393176,1.1150000213683608
1.8403175,1.092003796277897
1.8413175,1.1235475274875137
1.8423175,1.1069553854904375
1.8433175,1.118415562255705
1.8443176,1.1009760295925812
1.8453175,1.0942913841261905
1.8463175,1.0626404021290237
1.8473175,1.0491949619565006
1.8483175,1.0181613077036367
1.8493176,1.0490088024079183
1.8503175,1.0083690571444937
1.8513175,1.0295095980138087
1.8523175,0.9883196171496181
1.8533175,1.0317226321127275
1.8543175,1.010855926510624
1.8553175,0.9652523380502123
1.8563175,0.9688566584171466
1.8573174,0.9328214948526086
1.8583175,0.9221263542675607
1.8593175,0.9069681142924516
1.8603175,0.8823388247837948
1.8613175,0.8420735488493493
1.8623176,0.8368125032986974
1.8633175,0.8573844701649113
1.8643175,0.859734486069363
1.8653175,0.8612767165519583
1.8663175,0.8737771996680762
1.8673176,0.8848841137214764
1.8683175,0.8677473066382139
1.8693175,0.9201400744869807
1.8703175,0.8895738424450916
1.8713175,0.9179448489803418
1.8723176,0.9338592657954602
1.8733175,0.9013914276554273
1.8743175,0.8900045417625426
1.8753175,0.90409293673071
1.8763175,0.8429798931664109
1.8773175,0.8236061232764748
1.8783175,0.7951005735569279
1.8793175,0.813522148695507
1.8803174,0.796831090461716
1.8813175,0.8135073387923033
1.8823175,0.828736762421774
1.8833175,0.8375390168779666
1.8843175,0.826964716821547
1.8853176,0.8671182495244419
1.8863175,0.8847038295052267
1.8873175,0.9047739344721436
1.8883175,0.912893318599165
1.8893175,0.9253034185881032
1.8903176,0.9468441368641727
1.8913175,0.9410461400289457
1.8923175,0.9198187552644433
1.8933175,0.8618123496117474
1.8943175,0.818765627915764
1.8953176,0.8365150137083223
1.8963175,0.776499022790106
1.8973175,0.7741173731070776
1.8983175,0.7929319613155402
1.8993175,0.7723496555879755
1.9003175,0.8163313808932949
1.9013175,0.8253959098787345
1.9023175,0.8056321918920213
1.9033175,0.8467913068445564
1.9043175,0.9223082130653777
1.9053175,0.9480843188813123
1.9063175,0.9395432707441053
1.9073175,0.9104507986856176
1.9083174,0.9416017579376367
1.9093175,0.8905225028266827
1.9103175,0.8641207860216724
1.9113175,0.7948170758037126
1.9123175,0.8083009435284078
1.9133176,0.754816731525272
1.9143175,0.7337131231060051
1.9153175,0.7362186246272391
1.9163175,0.7396467240301992
1.9173175,0.7273054253588932
1.9183176,0.7566243415293468
1.9193175,0.7645154687310833
1.9203175,0.852964306257065
1.9213175,0.8486753375950574
1.9223175,0.8939230889305059
1.9233176,0.8491956133160573
1.9243175,0.8405202770379051
1.9253175,0.7900322840436478
1.9263175,0.7680686334580372
1.9273175,0.7332785504870798
1.9283175,0.7124910797491025
1.9293175,0.6449944117861016
1.9303175,0.6408437872365119
1.9313174,0.6130751669642994
1.9323175,0.5779223858383091
1.9333175,0.6196056048982476
1.9343175,0.6011176119182985
1.9353175,0.6360115939110838
1.9363176,0.6779838634408668
1.9373175,0.7245952353750381
1.9383175,0.7221008590844068
1.9393175,0.7474351320336291
1.9403175,0.819322678855478
1.9413176,0.8068095338479533
1.9423175,0.8018495663701112
1.9433175,0.8142583518768696
1.9443175,0.7673380929004324
1.9453175,0.7467350964743882
1.9463176,0.7306378871503102
1.9473175,0.6812013889011717
1.9483175,0.6502272275631806
1.9493175,0.6038164137497362
1.9503175,0.5966050116649777
1.9513175,0.6062118088626236
1.9523175,0.6074153465114378
1.9533175,0.643772807575893
1.9543175,0.6624295737641335
1.9553175,0.7361753217106761
1.9563175,0.755185984250486
1.9573175,0.81549058771123
1.9583175,0.8452353056930169
1.9593174,0.8424245318669242
1.9603175,0.8631312718044009
1.9613175,0.8196952743467081
1.9623175,0.8022750955453637
1.9633175,0.7709468092799073
1.9643176,0.6945149245243113
1.9653175,0.6593208754601748
1.9663175,0.6235028840751957
1.9673175,0.6008483683763932
1.9683175,0.5942309483772285
1.9693176,0.6014477437891694
1.9703175,0.6412282780414164
1.9713175,0.6966848406003279
1.9723175,0.7365673682221457
1.9733175,0.7618746274504778
1.9743176,0.8387058496678719
1.9753175,0.8673872371572833
1.9763175,0.8602091580220133
1.9773175,0.8469746899083682
1.9783175,0.8224383256761767
1.9793175,0.7776365849935798
1.9803175,0.7312998364719248
1.9813175,0.7264371366909832
1.9823174,0.6863780575615874
1.9833175,0.6268184315007391
1.9843175,0.6159650149125814
1.9853175,0.6464848793756521
1.9863175,0.6140901750213779
1.9873176,0.6535633945333722
1.9883175,0.7017006818591365
1.9893175,0.7215139934853074
1.9903175,0.7684610613642128
1.9913175,0.7660270461254257
1.9923176,0.8010287170058652
1.9933175,0.793312335678559
1.9943175,0.8032044471474249
1.9953175,0.781233838586782
1.9963175,0.7406786103094314
1.9973176,0.7557244005818357
1.9983175,0.7113345348802241
1.9993175,0.7100776410563953
2.0003176,0.6632646127014191
2.0013175,0.6694169293607993
2.0023174,0.6717657277316634
2.0033176,0.6921384229437135
2.0043175,0.6698728067029097
2.0053174,0.6807680285490362
2.0063176,0.7492102461094124
2.0073175,0.7605628274854791
2.0083175,0.832002642885901
2.0093174,0.8324741631338461
2.0103176,0.8337781957452648
2.0113175,0.8519136827338355
2.0123174,0.8535584590701302
2.0133176,0.8230650170849323
2.0143175,0.8190565000957316
2.0153174,0.7771052791610172
2.0163176,0.7559354559994725
2.0173175,0.7477256265351047
2.0183175,0.6623283055254756
2.0193174,0.6642474568853242
2.0203176,0.6592836806386619
2.0213175,0.6742659956748669
2.0223174,0.6953714930982019
2.0233176,0.71006913171923
2.0243175,0.7462589172696226
2.0253174,0.7925953658092159
2.0263176,0.8211314897827539
2.0273175,0.8108909929969877
2.0283175,0.8213827956173676
2.0293176,0.7921125092992015
2.0303175,0.8026890769099492
2.0313175,0.802747503038358
2.0323174,0.7642058588144097
2.0333176,0.7351132420354284
2.0343175,0.7068973350022668
2.0353174,0.7385463670660862
2.0363176,0.7177580653664836
2.0373175,0.7031889845017718
2.0383174,0.6861766255886272
2.0393176,0.7036809598809033
2.0403175,0.7517732331322301
2.0413175,0.7664825566798708
2.0423174,0.7895912113969263
2.0433176,0.8143975435200478
2.0443175,0.8399781658214202
2.0453174,0.860813270549583
2.0463176,0.8635915909082976
2.0473175,0.8590523980056728
2.0483174,0.8667145795382064
2.0493174,0.8636297858713671
2.0503173,0.8273304169615079
2.0513175,0.8274229472592629
2.0523174,0.800979082849947
2.0533173,0.8066101784609523
2.0543175,0.7582571934105558
2.0553174,0.7969165353603471
2.0563173,0.7489835915795413
2.0573175,0.7872950905299857
2.0583174,0.802418589079383
2.0593174,0.8449756223637467
2.0603173,0.8211425862345957
2.0613174,0.8718224500433036
2.0623174,0.8710903797381923
2.0633173,0.8749392141940195
2.0643175,0.8707264879515167
2.0653174,0.8839142319727965
2.0663173,0.8576567266924237
2.0673175,0.858645259392713
2.0683174,0.8792423066232007
2.0693173,0.8682732404831074
2.0703173,0.8236740422008945
2.0713174,0.8467494156964975
2.0723174,0.8297311410712949
2.0733173,0.8574911400298619
2.0743175,0.8208671808228186
2.0753174,0.8675588852881854
2.0763173,0.8501728899091925
2.0773175,0.9056135602094622
2.0783174,0.893817871127082
2.0793173,0.9125612438810221
2.0803175,0.9297356348666289
2.0813174,0.931768288991306
2.0823174,0.9340142158841994
2.0833173,0.915595255722875
2.0843174,0.9517773506190441
2.0853174,0.8874853979602305
2.0863173,0.9167950545383111
2.0873175,0.8742163077782681
2.0883174,0.8671141094967529
2.0893173,0.8703266650050393
2.0903175,0.8689495325631248
2.0913174,0.8579420945196873
2.0923173,0.873022253509691
2.0933173,0.9170643087921183
2.0943174,0.9176663740703299
2.0953174,0.9251530084576225
2.0963173,0.9377870472018779
2.0973175,0.9729542263133502
2.0983174,0.9666259715099333
2.0993173,0.9306320376243626
2.1003175,0.97077169316468
2.1013174,0.9650506172934777
2.1023173,0.9560662838862388
2.1033175,0.9086526729460844
2.1043174,0.9152963306886123
2.1053174,0.9065606838161375
2.1063173,0.8994782575448623
2.1073174,0.9110311168314664
2.1083174,0.882079969777544
2.1093173,0.9108653701017517
2.1103175,0.8975592066616691
2.1113174,0.9091137361600705
2.1123173,0.8853905013821359
2.1133175,0.9385793412642537
2.1143174,0.9389598055273365
2.1153173,0.9412806855394359
2.1163173,0.9338980511530578
2.1173174,0.9131839135604308
2.1183174,0.8861857573948215
2.1193173,0.8978172960924993
2.1203175,0.8815782075771252
2.1213174,0.8362196840046503
2.1223173,0.8012953518926399
2.1233175,0.8449557732906878
2.1243174,0.8431341304109377
2.1253173,0.8447477854323867
2.1263175,0.8021090066444793
2.1273174,0.8373477295546683
2.1283174,0.8772882586572998
2.1293173,0.8981925153007728
2.1303174,0.873418782571439
2.1313174,0.8829584774657856
2.1323173,0.8787563500003502
2.1333175,0.8958391193745913
2.1343174,0.8888186903874252
2.1353173,0.8564338434387406
2.1363175,0.8271747759742453
2.1373174,0.85561205603154
2.1383173,0.8338788442968306
2.1393173,0.8716942555066403
2.1403174,0.8131743162102453
2.1413174,0.8425934597421173
2.1423173,0.8393707269872356
2.1433175,0.8525389357622791
2.1443174,0.8862589006152315
2.1453173,0.8613627139151853
2.1463175,0.8732009060656166
2.1473174,0.8509373880776758
2.1483173,0.8487541331141168
2.1493173,0.876041407024341
2.1503174,0.8598090192728879
2.1513174,0.8350738771106399
2.1523173,0.8300563695989892
2.1533175,0.8444020261107311
2.1543174,0.8153981434246764
2.1553173,0.7830913728654582
2.1563175,0.7972284749387113
2.1573174,0.7898228203609798
2.1583173,0.7903414689525534
2.1593175,0.755453583773313
2.1603174,0.7944539371700505
2.1613173,0.7606332555235257
2.1623173,0.7896318595074076
2.1633174,0.7667105401575501
2.1643174,0.7566425013568957
2.1653173,0.7463469797173238
2.1663175,0.7458136375265323
2.1673174,0.7537232595416843
2.1683173,0.732510279674116
2.1693175,0.7669071660631642
2.1703174,0.7262105134328364
2.1713173,0.7523050409531702
2.1723173,0.7112493521186855
2.1733174,0.7208242305074037
2.1743174,0.7564632989570771
2.1753173,0.7541349489141995
2.1763175,0.7532638964118159
2.1773174,0.7425013256944626
2.1783173,0.7712139529811096
2.1793175,0.7845174042199106
2.1803174,0.7892962242254593
2.1813173,0.7973920344910311
2.1823175,0.7846353936209518
2.1833174,0.7365104467317525
2.1843174,0.7276054969651343
2.1853173,0.7477316601333316
2.1863174,0.7158710046397896
2.1873174,0.7055327850725055
2.1883173,0.6572857543592469
2.1893175,0.6691504985349276
2.1903174,0.692554635970207
2.1913173,0.6644377020487565
2.1923175,0.6953930006106896
2.1933174,0.6845067495807204
2.1943173,0.7433217497593992
2.1953173,0.7229595220260807
2.1963174,0.7425923969201346
2.1973174,0.7402153725117501
2.1983173,0.7667266773652729
2.1993175,0.7415040286116982
2.2003174,0.7522554150213271
2.2013173,0.6973467527379723
2.2023175,0.6996725275315522
2.2033174,0.7262390395781224
2.2043173,0.7065663607942165
2.2053175,0.6596330962311736
2.2063174,0.6702104907108009
2.2073174,0.6805990937730622
2.2083173,0.6834252579629218
2.2093174,0.7138182905168317
2.2103174,0.7159525176713257
2.2113173,0.73168513464384
2.2123175,0.7490291356896643
2.2133174,0.7594477350154212
2.2143173,0.7720049189424784
2.2153175,0.7858425193295943
2.2163174,0.792531999776323
2.2173173,0.7893017730062315
2.2183173,0.7516252838399962
2.2193174,0.7339667255373739
2.2203174,0.733793614575224
2.2213173,0.6950505008149374
2.2223175,0.7203099290653605
2.2233174,0.6830109258857159
2.2243173,0.6913870442297583
2.2253175,0.6688399541033581
2.2263174,0.6618093373470624
2.2273173,0.7089511615090253
2.2283175,0.6750337439770224
2.2293174,0.7127097866862524
2.2303174,0.6966333580854578
2.2313173,0.7307215739777784
2.2323174,0.6956713508500938
2.2333174,0.719055602144334
2.2343173,0.7410009481037618
2.2353175,0.7325071265881206
2.2363174,0.6931048207683526
2.2373173,0.7058882695696982
2.2383175,0.7134566053183714
2.2393174,0.6827805921158555
2.2403173,0.6711363024802369
2.2413173,0.6910733926244513
2.2423174,0.7031782518136344
2.2433174,0.6799216705646479
2.2443173,0.6620858160776195
2.2453175,0.6950774991463595
2.2463174,0.7116209571470106
2.2473173,0.7204254190719748
2.2483175,0.6718331884995776
2.2493174,0.6861392265713997
2.2503173,0.7222382711479766
2.2513175,0.7007538006560897
2.2523174,0.7331554769900234
2.2533174,0.6803758367016336
2.2543173,0.7315813393880305
2.2553174,0.6889225753771995
2.2563174,0.7078262447668506
2.2573173,0.6633497994571415
2.2583175,0.6631187129258702
2.2593174,0.6816348893703714
