event_id,file,time_start,time_end,collapse_H1,collapse_L1,first_H1_collapse,first_L1_collapse,plot_file
151008-v1,151008-v1_H1_L1.csv,1128348572.5,1128348576.4997559,15999,16384,1128348572.5,1128348572.5,results/plots/151008-v1_bruno_betaB.png
151012.2-v1,151012.2-v1_H1_L1.csv,1128666660.1999512,1128666664.199707,15953,16334,1128666660.1999512,1128666660.1999512,results/plots/151012.2-v1_bruno_betaB.png
151116-v1,151116-v1_H1_L1.csv,1131748923.6999512,1131748927.699707,15770,16376,1131748923.6999512,1131748923.6999512,results/plots/151116-v1_bruno_betaB.png
161202-v1,161202-v1_H1_L1.csv,1164686039.8999023,1164686043.8996582,16247,16315,1164686039.8999023,1164686039.8999023,results/plots/161202-v1_bruno_betaB.png
161217-v1,161217-v1_H1_L1.csv,1165994199.3999023,1165994203.3996582,16258,16343,1165994199.3999023,1165994199.3999023,results/plots/161217-v1_bruno_betaB.png
170208-v1,170208-v1_H1_L1.csv,1170585581.7998047,1170585585.7995605,16240,16384,1170585581.7998047,1170585581.7998047,results/plots/170208-v1_bruno_betaB.png
170219-v1,170219-v1_H1_L1.csv,1171548265.0,1171548268.9997559,16248,16364,1171548265.0,1171548265.0,results/plots/170219-v1_bruno_betaB.png
170405-v1,170405-v1_H1_L1.csv,1175425508.6999512,1175425512.699707,16251,16144,1175425508.6999512,1175425508.6999512,results/plots/170405-v1_bruno_betaB.png
170412-v1,170412-v1_H1_L1.csv,1176047815.0,1176047818.9997559,16224,15968,1176047815.0,1176047815.0,results/plots/170412-v1_bruno_betaB.png
170423-v1,170423-v1_H1_L1.csv,1176984661.0,1176984664.9997559,16247,16100,1176984661.0,1176984661.0,results/plots/170423-v1_bruno_betaB.png
170616-v1,170616-v1_H1_L1.csv,1181677656.7998047,1181677660.7995605,16229,16122,1181677656.7998047,1181677656.7998047,results/plots/170616-v1_bruno_betaB.png
170630-v1,170630-v1_H1_L1.csv,1182874643.7998047,1182874647.7995605,16238,15828,1182874643.7998047,1182874643.7998047,results/plots/170630-v1_bruno_betaB.png
170705-v1,170705-v1_H1_L1.csv,1183279532.2998047,1183279536.2995605,16299,15570,1183279532.2998047,1183279532.2998047,results/plots/170705-v1_bruno_betaB.png
170720-v1,170720-v1_H1_L1.csv,1184625887.7998047,1184625891.7995605,16279,16121,1184625887.7998047,1184625887.7998047,results/plots/170720-v1_bruno_betaB.png
191223_014159-v1,191223_014159-v1_H1_L1.csv,1261100535.5998535,1261100539.5996094,15175,16056,1261100535.5998535,1261100535.5998535,results/plots/191223_014159-v1_bruno_betaB.png
200114_020818-v1,200114_020818-v1_H1_L1.csv,1263002914.1999512,1263002918.199707,14641,15712,1263002914.1999512,1263002914.1999512,results/plots/200114_020818-v1_bruno_betaB.png
200201_203549-v1,200201_203549-v1_H1_L1.csv,1264624565.0,1264624568.9997559,12941,16226,1264624565.0002441,1264624565.0,results/plots/200201_203549-v1_bruno_betaB.png
200214_224526-v1,200214_224526-v1_H1_L1.csv,1265755542.5,1265755546.4997559,14561,16280,1265755542.5,1265755542.5,results/plots/200214_224526-v1_bruno_betaB.png
200214_224526-v2,200214_224526-v2_H1_L1.csv,1265755542.5,1265755546.4997559,14561,16280,1265755542.5,1265755542.5,results/plots/200214_224526-v2_bruno_betaB.png
200219_201407-v1,200219_201407-v1_H1_L1.csv,1266178463.8999023,1266178467.8996582,12854,16173,1266178463.8999023,1266178463.8999023,results/plots/200219_201407-v1_bruno_betaB.png
200311_103121-v1,200311_103121-v1_H1_L1.csv,1267957897.6999512,1267957901.699707,14100,16287,1267957897.6999512,1267957897.6999512,results/plots/200311_103121-v1_bruno_betaB.png
GW150914-v1,GW150914-v1_H1_L1.csv,1126259460.3999023,1126259464.3996582,15940,16384,1126259460.3999023,1126259460.3999023,results/plots/GW150914-v1_bruno_betaB.png
GW150914-v2,GW150914-v2_H1_L1.csv,1126259460.3999023,1126259464.3996582,15940,16384,1126259460.3999023,1126259460.3999023,results/plots/GW150914-v2_bruno_betaB.png
GW150914-v3,GW150914-v3_H1_L1.csv,1126259460.3999023,1126259464.3996582,15940,16384,1126259460.3999023,1126259460.3999023,results/plots/GW150914-v3_bruno_betaB.png
GW151012-v1,GW151012-v1_H1_L1.csv,1128678898.3999023,1128678902.3996582,15841,16326,1128678898.3999023,1128678898.3999023,results/plots/GW151012-v1_bruno_betaB.png
GW151012-v2,GW151012-v2_H1_L1.csv,1128678898.3999023,1128678902.3996582,15841,16326,1128678898.3999023,1128678898.3999023,results/plots/GW151012-v2_bruno_betaB.png
GW151012-v3,GW151012-v3_H1_L1.csv,1128678898.3999023,1128678902.3996582,15841,16326,1128678898.3999023,1128678898.3999023,results/plots/GW151012-v3_bruno_betaB.png
GW151226-v1,GW151226-v1_H1_L1.csv,1135136348.5998535,1135136352.5996094,15687,16314,1135136348.5998535,1135136348.5998535,results/plots/GW151226-v1_bruno_betaB.png
GW151226-v2,GW151226-v2_H1_L1.csv,1135136348.5998535,1135136352.5996094,15687,16314,1135136348.5998535,1135136348.5998535,results/plots/GW151226-v2_bruno_betaB.png
GW170104-v1,GW170104-v1_H1_L1.csv,1167559934.5998535,1167559938.5996094,16250,16384,1167559934.5998535,1167559934.5998535,results/plots/GW170104-v1_bruno_betaB.png
GW170104-v2,GW170104-v2_H1_L1.csv,1167559934.5998535,1167559938.5996094,16250,16384,1167559934.5998535,1167559934.5998535,results/plots/GW170104-v2_bruno_betaB.png
GW170608-v1,GW170608-v1_H1_L1.csv,1180922492.5,1180922496.4997559,16245,16098,1180922492.5,1180922492.5,results/plots/GW170608-v1_bruno_betaB.png
GW170608-v2,GW170608-v2_H1_L1.csv,1180922492.5,1180922496.4997559,16245,16098,1180922492.5,1180922492.5,results/plots/GW170608-v2_bruno_betaB.png
GW170608-v3,GW170608-v3_H1_L1.csv,1180922492.5,1180922496.4997559,16245,16098,1180922492.5,1180922492.5,results/plots/GW170608-v3_bruno_betaB.png
GW170729-v1,GW170729-v1_H1_L1.csv,1185389805.2998047,1185389809.2995605,16221,14658,1185389805.2998047,1185389805.2998047,results/plots/GW170729-v1_bruno_betaB.png
GW170809-v1,GW170809-v1_H1_L1.csv,1186302517.7998047,1186302521.7995605,16245,15116,1186302517.7998047,1186302517.7998047,results/plots/GW170809-v1_bruno_betaB.png
GW170814-v1,GW170814-v1_H1_L1.csv,1186741859.5,1186741863.4997559,16227,15125,1186741859.5,1186741859.5,results/plots/GW170814-v1_bruno_betaB.png
GW170814-v2,GW170814-v2_H1_L1.csv,1186741859.5,1186741863.4997559,16227,15125,1186741859.5,1186741859.5,results/plots/GW170814-v2_bruno_betaB.png
GW170814-v3,GW170814-v3_H1_L1.csv,1186741859.5,1186741863.4997559,16227,15125,1186741859.5,1186741859.5,results/plots/GW170814-v3_bruno_betaB.png
GW170817-v1,GW170817-v1_H1_L1.csv,1187008880.3999023,1187008884.3996582,16232,15604,1187008880.3999023,1187008880.3999023,results/plots/GW170817-v1_bruno_betaB.png
GW170817-v2,GW170817-v2_H1_L1.csv,1187008880.3999023,1187008884.3996582,16232,15604,1187008880.3999023,1187008880.3999023,results/plots/GW170817-v2_bruno_betaB.png
GW170817-v3,GW170817-v3_H1_L1.csv,1187008880.3999023,1187008884.3996582,16232,15604,1187008880.3999023,1187008880.3999023,results/plots/GW170817-v3_bruno_betaB.png
GW170818-v1,GW170818-v1_H1_L1.csv,1187058325.0998535,1187058329.0996094,16259,14833,1187058325.0998535,1187058325.0998535,results/plots/GW170818-v1_bruno_betaB.png
GW170823-v1,GW170823-v1_H1_L1.csv,1187529254.5,1187529258.4997559,16233,14598,1187529254.5,1187529254.5,results/plots/GW170823-v1_bruno_betaB.png
GW190403_051519-v1,GW190403_051519-v1_H1_L1.csv,1238303735.1999512,1238303739.199707,16168,16088,1238303735.1999512,1238303735.1999512,results/plots/GW190403_051519-v1_bruno_betaB.png
GW190408_181802-v1,GW190408_181802-v1_H1_L1.csv,1238782698.2998047,1238782702.2995605,16150,15995,1238782698.300537,1238782698.2998047,results/plots/GW190408_181802-v1_bruno_betaB.png
GW190408_181802-v2,GW190408_181802-v2_H1_L1.csv,1238782698.1999512,1238782702.199707,16151,16082,1238782698.1999512,1238782698.1999512,results/plots/GW190408_181802-v2_bruno_betaB.png
GW190408_181802-v3,GW190408_181802-v3_H1_L1.csv,1238782698.2998047,1238782702.2995605,16150,15995,1238782698.300537,1238782698.2998047,results/plots/GW190408_181802-v3_bruno_betaB.png
GW190412-v1,GW190412-v1_H1_L1.csv,1239082260.1999512,1239082264.199707,16190,15961,1239082260.1999512,1239082260.1999512,results/plots/GW190412-v1_bruno_betaB.png
GW190412-v2,GW190412-v2_H1_L1.csv,1239082260.1999512,1239082264.199707,16190,15961,1239082260.1999512,1239082260.1999512,results/plots/GW190412-v2_bruno_betaB.png
GW190412-v3,GW190412-v3_H1_L1.csv,1239082260.1999512,1239082264.199707,16190,15961,1239082260.1999512,1239082260.1999512,results/plots/GW190412-v3_bruno_betaB.png
GW190412-v5,GW190412-v5_H1_L1.csv,1239082260.0998535,1239082264.0996094,16196,15963,1239082260.0998535,1239082260.0998535,results/plots/GW190412-v5_bruno_betaB.png
GW190412_053044-v4,GW190412_053044-v4_H1_L1.csv,1239082260.0998535,1239082264.0996094,16196,15963,1239082260.0998535,1239082260.0998535,results/plots/GW190412_053044-v4_bruno_betaB.png
GW190413_052954-v1,GW190413_052954-v1_H1_L1.csv,1239168610.5,1239168614.4997559,16160,15926,1239168610.5,1239168610.5,results/plots/GW190413_052954-v1_bruno_betaB.png
GW190413_052954-v2,GW190413_052954-v2_H1_L1.csv,1239168610.5,1239168614.4997559,16160,15926,1239168610.5,1239168610.5,results/plots/GW190413_052954-v2_bruno_betaB.png
GW190413_052954-v3,GW190413_052954-v3_H1_L1.csv,1239168610.5,1239168614.4997559,16160,15926,1239168610.5,1239168610.5,results/plots/GW190413_052954-v3_bruno_betaB.png
GW190413_134308-v1,GW190413_134308-v1_H1_L1.csv,1239198204.6999512,1239198208.699707,16180,16129,1239198204.6999512,1239198204.6999512,results/plots/GW190413_134308-v1_bruno_betaB.png
GW190413_134308-v2,GW190413_134308-v2_H1_L1.csv,1239198204.6999512,1239198208.699707,16180,16129,1239198204.6999512,1239198204.6999512,results/plots/GW190413_134308-v2_bruno_betaB.png
GW190413_134308-v3,GW190413_134308-v3_H1_L1.csv,1239198204.6999512,1239198208.699707,16180,16129,1239198204.6999512,1239198204.6999512,results/plots/GW190413_134308-v3_bruno_betaB.png
GW190421_213856-v1,GW190421_213856-v1_H1_L1.csv,1239917952.2998047,1239917956.2995605,16139,15983,1239917952.2998047,1239917952.2998047,results/plots/GW190421_213856-v1_bruno_betaB.png
GW190421_213856-v2,GW190421_213856-v2_H1_L1.csv,1239917952.1999512,1239917956.199707,16139,15982,1239917952.2006836,1239917952.1999512,results/plots/GW190421_213856-v2_bruno_betaB.png
GW190421_213856-v3,GW190421_213856-v3_H1_L1.csv,1239917952.1999512,1239917956.199707,16139,15982,1239917952.2006836,1239917952.1999512,results/plots/GW190421_213856-v3_bruno_betaB.png
GW190425-v1,GW190425-v1_H1_L1.csv,1240215501.0,1240215504.9997559,0,15938,,1240215501.0,results/plots/GW190425-v1_bruno_betaB.png
GW190425-v2,GW190425-v2_H1_L1.csv,1240215501.0,1240215504.9997559,0,15938,,1240215501.0,results/plots/GW190425-v2_bruno_betaB.png
GW190425_081805-v3,GW190425_081805-v3_H1_L1.csv,1240215501.0,1240215504.9997559,0,15938,,1240215501.0,results/plots/GW190425_081805-v3_bruno_betaB.png
GW190426_152155-v1,GW190426_152155-v1_H1_L1.csv,1240327331.2998047,1240327335.2995605,14979,15704,1240327331.2998047,1240327331.2998047,results/plots/GW190426_152155-v1_bruno_betaB.png
GW190426_152155-v2,GW190426_152155-v2_H1_L1.csv,1240327331.2998047,1240327335.2995605,14979,15704,1240327331.2998047,1240327331.2998047,results/plots/GW190426_152155-v2_bruno_betaB.png
GW190426_190642-v1,GW190426_190642-v1_H1_L1.csv,1240340818.5998535,1240340822.5996094,15067,15559,1240340818.5998535,1240340818.5998535,results/plots/GW190426_190642-v1_bruno_betaB.png
GW190503_185404-v1,GW190503_185404-v1_H1_L1.csv,1240944860.2998047,1240944864.2995605,14354,15744,1240944860.2998047,1240944860.2998047,results/plots/GW190503_185404-v1_bruno_betaB.png
GW190503_185404-v2,GW190503_185404-v2_H1_L1.csv,1240944860.1999512,1240944864.199707,14295,15740,1240944860.1999512,1240944860.1999512,results/plots/GW190503_185404-v2_bruno_betaB.png
GW190503_185404-v3,GW190503_185404-v3_H1_L1.csv,1240944860.2998047,1240944864.2995605,14354,15744,1240944860.2998047,1240944860.2998047,results/plots/GW190503_185404-v3_bruno_betaB.png
GW190512_180714-v1,GW190512_180714-v1_H1_L1.csv,1241719650.3999023,1241719654.3996582,14732,15633,1241719650.3999023,1241719650.3999023,results/plots/GW190512_180714-v1_bruno_betaB.png
GW190512_180714-v2,GW190512_180714-v2_H1_L1.csv,1241719650.3999023,1241719654.3996582,14732,15633,1241719650.3999023,1241719650.3999023,results/plots/GW190512_180714-v2_bruno_betaB.png
GW190512_180714-v3,GW190512_180714-v3_H1_L1.csv,1241719650.3999023,1241719654.3996582,14732,15633,1241719650.3999023,1241719650.3999023,results/plots/GW190512_180714-v3_bruno_betaB.png
GW190513_205428-v1,GW190513_205428-v1_H1_L1.csv,1241816084.7998047,1241816088.7995605,14895,15769,1241816084.7998047,1241816084.7998047,results/plots/GW190513_205428-v1_bruno_betaB.png
GW190513_205428-v2,GW190513_205428-v2_H1_L1.csv,1241816084.6999512,1241816088.699707,14980,15777,1241816084.6999512,1241816084.7011719,results/plots/GW190513_205428-v2_bruno_betaB.png
GW190513_205428-v3,GW190513_205428-v3_H1_L1.csv,1241816084.6999512,1241816088.699707,14980,15777,1241816084.6999512,1241816084.7011719,results/plots/GW190513_205428-v3_bruno_betaB.png
GW190514_065416-v1,GW190514_065416-v1_H1_L1.csv,1241852072.7998047,1241852076.7995605,14647,15964,1241852072.7998047,1241852072.7998047,results/plots/GW190514_065416-v1_bruno_betaB.png
GW190514_065416-v2,GW190514_065416-v2_H1_L1.csv,1241852072.7998047,1241852076.7995605,14647,15964,1241852072.7998047,1241852072.7998047,results/plots/GW190514_065416-v2_bruno_betaB.png
GW190514_065416-v3,GW190514_065416-v3_H1_L1.csv,1241852072.7998047,1241852076.7995605,14647,15964,1241852072.7998047,1241852072.7998047,results/plots/GW190514_065416-v3_bruno_betaB.png
GW190517_055101-v1,GW190517_055101-v1_H1_L1.csv,1242107477.7998047,1242107481.7995605,15891,15642,1242107477.7998047,1242107477.7998047,results/plots/GW190517_055101-v1_bruno_betaB.png
GW190517_055101-v2,GW190517_055101-v2_H1_L1.csv,1242107477.7998047,1242107481.7995605,15891,15642,1242107477.7998047,1242107477.7998047,results/plots/GW190517_055101-v2_bruno_betaB.png
GW190517_055101-v3,GW190517_055101-v3_H1_L1.csv,1242107477.7998047,1242107481.7995605,15891,15642,1242107477.7998047,1242107477.7998047,results/plots/GW190517_055101-v3_bruno_betaB.png
GW190519_153544-v1,GW190519_153544-v1_H1_L1.csv,1242315360.3999023,1242315364.3996582,15032,16112,1242315360.3999023,1242315360.3999023,results/plots/GW190519_153544-v1_bruno_betaB.png
GW190519_153544-v2,GW190519_153544-v2_H1_L1.csv,1242315360.2998047,1242315364.2995605,15039,16108,1242315360.300293,1242315360.2998047,results/plots/GW190519_153544-v2_bruno_betaB.png
GW190519_153544-v3,GW190519_153544-v3_H1_L1.csv,1242315360.3999023,1242315364.3996582,15032,16112,1242315360.3999023,1242315360.3999023,results/plots/GW190519_153544-v3_bruno_betaB.png
GW190521-v1,GW190521-v1_H1_L1.csv,1242442965.3999023,1242442969.3996582,15085,15980,1242442965.3999023,1242442965.3999023,results/plots/GW190521-v1_bruno_betaB.png
GW190521-v2,GW190521-v2_H1_L1.csv,1242442965.3999023,1242442969.3996582,15085,15980,1242442965.3999023,1242442965.3999023,results/plots/GW190521-v2_bruno_betaB.png
GW190521-v3,GW190521-v3_H1_L1.csv,1242442965.3999023,1242442969.3996582,15085,15980,1242442965.3999023,1242442965.3999023,results/plots/GW190521-v3_bruno_betaB.png
GW190521_030229-v4,GW190521_030229-v4_H1_L1.csv,1242442965.3999023,1242442969.3996582,15085,15980,1242442965.3999023,1242442965.3999023,results/plots/GW190521_030229-v4_bruno_betaB.png
GW190521_074359-v1,GW190521_074359-v1_H1_L1.csv,1242459855.5,1242459859.4997559,14984,15594,1242459855.5,1242459855.5,results/plots/GW190521_074359-v1_bruno_betaB.png
GW190521_074359-v2,GW190521_074359-v2_H1_L1.csv,1242459855.3999023,1242459859.3996582,15000,15597,1242459855.3999023,1242459855.3999023,results/plots/GW190521_074359-v2_bruno_betaB.png
GW190521_074359-v3,GW190521_074359-v3_H1_L1.csv,1242459855.3999023,1242459859.3996582,15000,15597,1242459855.3999023,1242459855.3999023,results/plots/GW190521_074359-v3_bruno_betaB.png
GW190527_092055-v1,GW190527_092055-v1_H1_L1.csv,1242984071.7998047,1242984075.7995605,15147,15870,1242984071.7998047,1242984071.7998047,results/plots/GW190527_092055-v1_bruno_betaB.png
GW190527_092055-v2,GW190527_092055-v2_H1_L1.csv,1242984071.6999512,1242984075.699707,15169,15862,1242984071.6999512,1242984071.6999512,results/plots/GW190527_092055-v2_bruno_betaB.png
GW190527_092055-v3,GW190527_092055-v3_H1_L1.csv,1242984071.7998047,1242984075.7995605,15147,15870,1242984071.7998047,1242984071.7998047,results/plots/GW190527_092055-v3_bruno_betaB.png
GW190531_023648-v1,GW190531_023648-v1_H1_L1.csv,1243305424.2998047,1243305428.2995605,15053,16039,1243305424.2998047,1243305424.2998047,results/plots/GW190531_023648-v1_bruno_betaB.png
GW190602_175927-v1,GW190602_175927-v1_H1_L1.csv,1243533583.0998535,1243533587.0996094,14471,15500,1243533583.0998535,1243533583.0998535,results/plots/GW190602_175927-v1_bruno_betaB.png
GW190602_175927-v2,GW190602_175927-v2_H1_L1.csv,1243533583.0,1243533586.9997559,14457,15480,1243533583.0,1243533583.0,results/plots/GW190602_175927-v2_bruno_betaB.png
GW190602_175927-v3,GW190602_175927-v3_H1_L1.csv,1243533583.0998535,1243533587.0996094,14471,15500,1243533583.0998535,1243533583.0998535,results/plots/GW190602_175927-v3_bruno_betaB.png
GW190701_203306-v1,GW190701_203306-v1_H1_L1.csv,1246048402.5998535,1246048406.5996094,14576,16028,1246048402.5998535,1246048402.5998535,results/plots/GW190701_203306-v1_bruno_betaB.png
GW190701_203306-v2,GW190701_203306-v2_H1_L1.csv,1246048402.5,1246048406.4997559,14415,16030,1246048402.5,1246048402.5,results/plots/GW190701_203306-v2_bruno_betaB.png
GW190704_104834-v1,GW190704_104834-v1_H1_L1.csv,1246272530.6999512,1246272534.699707,14239,15855,1246272530.6999512,1246272530.6999512,results/plots/GW190704_104834-v1_bruno_betaB.png
GW190706_222641-v1,GW190706_222641-v1_H1_L1.csv,1246487217.2998047,1246487221.2995605,13128,15845,1246487217.2998047,1246487217.3000488,results/plots/GW190706_222641-v1_bruno_betaB.png
GW190706_222641-v2,GW190706_222641-v2_H1_L1.csv,1246487217.2998047,1246487221.2995605,13128,15845,1246487217.2998047,1246487217.3000488,results/plots/GW190706_222641-v2_bruno_betaB.png
GW190706_222641-v3,GW190706_222641-v3_H1_L1.csv,1246487217.2998047,1246487221.2995605,13128,15845,1246487217.2998047,1246487217.3000488,results/plots/GW190706_222641-v3_bruno_betaB.png
GW190707_083226-v1,GW190707_083226-v1_H1_L1.csv,1246523562.8999023,1246523566.8996582,14715,15812,1246523562.8999023,1246523562.8999023,results/plots/GW190707_083226-v1_bruno_betaB.png
GW190707_093326-v1,GW190707_093326-v1_H1_L1.csv,1246527222.1999512,1246527226.199707,13015,15905,1246527222.1999512,1246527222.1999512,results/plots/GW190707_093326-v1_bruno_betaB.png
GW190707_093326-v2,GW190707_093326-v2_H1_L1.csv,1246527222.0998535,1246527226.0996094,12981,15891,1246527222.0998535,1246527222.0998535,results/plots/GW190707_093326-v2_bruno_betaB.png
GW190707_093326-v3,GW190707_093326-v3_H1_L1.csv,1246527222.0998535,1246527226.0996094,12981,15891,1246527222.0998535,1246527222.0998535,results/plots/GW190707_093326-v3_bruno_betaB.png
GW190711_030756-v1,GW190711_030756-v1_H1_L1.csv,1246849692.5998535,1246849696.5996094,13618,15611,1246849692.6030273,1246849692.5998535,results/plots/GW190711_030756-v1_bruno_betaB.png
GW190718_160159-v1,GW190718_160159-v1_H1_L1.csv,1247500935.2998047,1247500939.2995605,14609,15811,1247500935.2998047,1247500935.2998047,results/plots/GW190718_160159-v1_bruno_betaB.png
GW190719_215514-v1,GW190719_215514-v1_H1_L1.csv,1247608530.8999023,1247608534.8996582,14465,16012,1247608530.8999023,1247608530.8999023,results/plots/GW190719_215514-v1_bruno_betaB.png
GW190719_215514-v2,GW190719_215514-v2_H1_L1.csv,1247608530.8999023,1247608534.8996582,14465,16012,1247608530.8999023,1247608530.8999023,results/plots/GW190719_215514-v2_bruno_betaB.png
GW190719_215514-v3,GW190719_215514-v3_H1_L1.csv,1247608530.8999023,1247608534.8996582,14465,16012,1247608530.8999023,1247608530.8999023,results/plots/GW190719_215514-v3_bruno_betaB.png
GW190720_000836-v1,GW190720_000836-v1_H1_L1.csv,1247616532.6999512,1247616536.699707,14061,15667,1247616532.6999512,1247616532.6999512,results/plots/GW190720_000836-v1_bruno_betaB.png
GW190720_000836-v2,GW190720_000836-v2_H1_L1.csv,1247616532.6999512,1247616536.699707,14061,15667,1247616532.6999512,1247616532.6999512,results/plots/GW190720_000836-v2_bruno_betaB.png
GW190720_000836-v3,GW190720_000836-v3_H1_L1.csv,1247616532.5998535,1247616536.5996094,14061,15699,1247616532.5998535,1247616532.5998535,results/plots/GW190720_000836-v3_bruno_betaB.png
GW190725_174728-v1,GW190725_174728-v1_H1_L1.csv,1248112064.3999023,1248112068.3996582,14494,15865,1248112064.3999023,1248112064.3999023,results/plots/GW190725_174728-v1_bruno_betaB.png
GW190725_174728-v2,GW190725_174728-v2_H1_L1.csv,1248112064.3999023,1248112068.3996582,14494,15865,1248112064.3999023,1248112064.3999023,results/plots/GW190725_174728-v2_bruno_betaB.png
GW190727_060333-v1,GW190727_060333-v1_H1_L1.csv,1248242630.0,1248242633.9997559,14085,15468,1248242630.0,1248242630.0,results/plots/GW190727_060333-v1_bruno_betaB.png
GW190727_060333-v2,GW190727_060333-v2_H1_L1.csv,1248242629.8999023,1248242633.8996582,14092,15461,1248242629.8999023,1248242629.8999023,results/plots/GW190727_060333-v2_bruno_betaB.png
GW190727_060333-v3,GW190727_060333-v3_H1_L1.csv,1248242630.0,1248242633.9997559,14085,15468,1248242630.0,1248242630.0,results/plots/GW190727_060333-v3_bruno_betaB.png
GW190728_064510-v1,GW190728_064510-v1_H1_L1.csv,1248331526.5,1248331530.4997559,14014,15396,1248331526.5,1248331526.5,results/plots/GW190728_064510-v1_bruno_betaB.png
GW190728_064510-v2,GW190728_064510-v2_H1_L1.csv,1248331526.5,1248331530.4997559,14014,15396,1248331526.5,1248331526.5,results/plots/GW190728_064510-v2_bruno_betaB.png
GW190728_064510-v3,GW190728_064510-v3_H1_L1.csv,1248331526.5,1248331530.4997559,14014,15396,1248331526.5,1248331526.5,results/plots/GW190728_064510-v3_bruno_betaB.png
GW190731_140936-v1,GW190731_140936-v1_H1_L1.csv,1248617392.5998535,1248617396.5996094,14366,15489,1248617392.6000977,1248617392.5998535,results/plots/GW190731_140936-v1_bruno_betaB.png
GW190731_140936-v2,GW190731_140936-v2_H1_L1.csv,1248617392.5998535,1248617396.5996094,14366,15489,1248617392.6000977,1248617392.5998535,results/plots/GW190731_140936-v2_bruno_betaB.png
GW190731_140936-v3,GW190731_140936-v3_H1_L1.csv,1248617392.5998535,1248617396.5996094,14366,15489,1248617392.6000977,1248617392.5998535,results/plots/GW190731_140936-v3_bruno_betaB.png
GW190803_022701-v1,GW190803_022701-v1_H1_L1.csv,1248834437.8999023,1248834441.8996582,15353,15991,1248834437.8999023,1248834437.8999023,results/plots/GW190803_022701-v1_bruno_betaB.png
GW190803_022701-v2,GW190803_022701-v2_H1_L1.csv,1248834437.7998047,1248834441.7995605,15367,16008,1248834437.7998047,1248834437.7998047,results/plots/GW190803_022701-v2_bruno_betaB.png
GW190803_022701-v3,GW190803_022701-v3_H1_L1.csv,1248834437.8999023,1248834441.8996582,15353,15991,1248834437.8999023,1248834437.8999023,results/plots/GW190803_022701-v3_bruno_betaB.png
GW190805_211137-v1,GW190805_211137-v1_H1_L1.csv,1249074713.2998047,1249074717.2995605,15024,15849,1249074713.2998047,1249074713.2998047,results/plots/GW190805_211137-v1_bruno_betaB.png
GW190805_211137-v2,GW190805_211137-v2_H1_L1.csv,1249074713.2998047,1249074717.2995605,15024,15849,1249074713.2998047,1249074713.2998047,results/plots/GW190805_211137-v2_bruno_betaB.png
GW190814-v1,GW190814-v1_H1_L1.csv,1249852255.0,1249852258.9997559,14581,16151,1249852255.0,1249852255.0,results/plots/GW190814-v1_bruno_betaB.png
GW190814-v2,GW190814-v2_H1_L1.csv,1249852255.0,1249852258.9997559,14581,16151,1249852255.0,1249852255.0,results/plots/GW190814-v2_bruno_betaB.png
GW190814_192009-v1,GW190814_192009-v1_H1_L1.csv,1249845625.5998535,1249845629.5996094,14670,15929,1249845625.6003418,1249845625.5998535,results/plots/GW190814_192009-v1_bruno_betaB.png
GW190814_211039-v3,GW190814_211039-v3_H1_L1.csv,1249852255.0,1249852258.9997559,14581,16151,1249852255.0,1249852255.0,results/plots/GW190814_211039-v3_bruno_betaB.png
GW190818_232544-v1,GW190818_232544-v1_H1_L1.csv,1250205960.2998047,1250205964.2995605,14361,15740,1250205960.2998047,1250205960.2998047,results/plots/GW190818_232544-v1_bruno_betaB.png
GW190821_124821-v1,GW190821_124821-v1_H1_L1.csv,1250426917.8999023,1250426921.8996582,13742,15372,1250426917.8999023,1250426917.8999023,results/plots/GW190821_124821-v1_bruno_betaB.png
GW190828_063405-v1,GW190828_063405-v1_H1_L1.csv,1251009261.7998047,1251009265.7995605,14162,15819,1251009261.7998047,1251009261.7998047,results/plots/GW190828_063405-v1_bruno_betaB.png
GW190828_063405-v2,GW190828_063405-v2_H1_L1.csv,1251009261.6999512,1251009265.699707,14155,15916,1251009261.7004395,1251009261.6999512,results/plots/GW190828_063405-v2_bruno_betaB.png
GW190828_063405-v3,GW190828_063405-v3_H1_L1.csv,1251009261.6999512,1251009265.699707,14155,15916,1251009261.7004395,1251009261.6999512,results/plots/GW190828_063405-v3_bruno_betaB.png
GW190828_065509-v1,GW190828_065509-v1_H1_L1.csv,1251010525.8999023,1251010529.8996582,14509,16063,1251010525.901123,1251010525.8999023,results/plots/GW190828_065509-v1_bruno_betaB.png
GW190828_065509-v2,GW190828_065509-v2_H1_L1.csv,1251010525.7998047,1251010529.7995605,14390,16053,1251010525.7998047,1251010525.7998047,results/plots/GW190828_065509-v2_bruno_betaB.png
GW190828_065509-v3,GW190828_065509-v3_H1_L1.csv,1251010525.7998047,1251010529.7995605,14390,16053,1251010525.7998047,1251010525.7998047,results/plots/GW190828_065509-v3_bruno_betaB.png
GW190906_054335-v1,GW190906_054335-v1_H1_L1.csv,1251783831.5,1251783835.4997559,14264,15761,1251783831.5,1251783831.5,results/plots/GW190906_054335-v1_bruno_betaB.png
GW190909_114149-v1,GW190909_114149-v1_H1_L1.csv,1252064525.6999512,1252064529.699707,14984,15804,1252064525.6999512,1252064525.6999512,results/plots/GW190909_114149-v1_bruno_betaB.png
GW190909_114149-v2,GW190909_114149-v2_H1_L1.csv,1252064525.6999512,1252064529.699707,14984,15804,1252064525.6999512,1252064525.6999512,results/plots/GW190909_114149-v2_bruno_betaB.png
GW190909_114149-v3,GW190909_114149-v3_H1_L1.csv,1252064525.6999512,1252064529.699707,14984,15804,1252064525.6999512,1252064525.6999512,results/plots/GW190909_114149-v3_bruno_betaB.png
GW190910_012619-v1,GW190910_012619-v1_H1_L1.csv,1252113995.1999512,1252113999.199707,14676,16108,1252113995.1999512,1252113995.1999512,results/plots/GW190910_012619-v1_bruno_betaB.png
GW190910_112807-v1,GW190910_112807-v1_H1_L1.csv,1252150103.2998047,1252150107.2995605,0,15911,,1252150103.2998047,results/plots/GW190910_112807-v1_bruno_betaB.png
GW190910_112807-v2,GW190910_112807-v2_H1_L1.csv,1252150103.2998047,1252150107.2995605,0,15911,,1252150103.2998047,results/plots/GW190910_112807-v2_bruno_betaB.png
GW190915_235702-v1,GW190915_235702-v1_H1_L1.csv,1252627038.6999512,1252627042.699707,14507,15975,1252627038.6999512,1252627038.6999512,results/plots/GW190915_235702-v1_bruno_betaB.png
GW190915_235702-v2,GW190915_235702-v2_H1_L1.csv,1252627038.5998535,1252627042.5996094,14443,15980,1252627038.5998535,1252627038.5998535,results/plots/GW190915_235702-v2_bruno_betaB.png
GW190915_235702-v3,GW190915_235702-v3_H1_L1.csv,1252627038.6999512,1252627042.699707,14507,15975,1252627038.6999512,1252627038.6999512,results/plots/GW190915_235702-v3_bruno_betaB.png
GW190916_200658-v1,GW190916_200658-v1_H1_L1.csv,1252699634.8999023,1252699638.8996582,14901,16043,1252699634.8999023,1252699634.8999023,results/plots/GW190916_200658-v1_bruno_betaB.png
GW190916_200658-v2,GW190916_200658-v2_H1_L1.csv,1252699634.8999023,1252699638.8996582,14901,16043,1252699634.8999023,1252699634.8999023,results/plots/GW190916_200658-v2_bruno_betaB.png
GW190917_114630-v1,GW190917_114630-v1_H1_L1.csv,1252756006.0,1252756009.9997559,14829,16071,1252756006.0002441,1252756006.0,results/plots/GW190917_114630-v1_bruno_betaB.png
GW190920_113516-v1,GW190920_113516-v1_H1_L1.csv,1253014532.6999512,1253014536.699707,14167,16075,1253014532.6999512,1253014532.6999512,results/plots/GW190920_113516-v1_bruno_betaB.png
GW190924_021846-v1,GW190924_021846-v1_H1_L1.csv,1253326742.7998047,1253326746.7995605,13494,15818,1253326742.7998047,1253326742.7998047,results/plots/GW190924_021846-v1_bruno_betaB.png
GW190924_021846-v2,GW190924_021846-v2_H1_L1.csv,1253326742.7998047,1253326746.7995605,13494,15818,1253326742.7998047,1253326742.7998047,results/plots/GW190924_021846-v2_bruno_betaB.png
GW190926_050336-v1,GW190926_050336-v1_H1_L1.csv,1253509432.0,1253509435.9997559,14835,15693,1253509432.0,1253509432.0,results/plots/GW190926_050336-v1_bruno_betaB.png
GW190926_050336-v2,GW190926_050336-v2_H1_L1.csv,1253509432.0998535,1253509436.0996094,14736,15764,1253509432.0998535,1253509432.1118164,results/plots/GW190926_050336-v2_bruno_betaB.png
GW190929_012149-v1,GW190929_012149-v1_H1_L1.csv,1253755325.5,1253755329.4997559,14290,15669,1253755325.5,1253755325.5,results/plots/GW190929_012149-v1_bruno_betaB.png
GW190929_012149-v2,GW190929_012149-v2_H1_L1.csv,1253755325.3999023,1253755329.3996582,14335,15667,1253755325.3999023,1253755325.3999023,results/plots/GW190929_012149-v2_bruno_betaB.png
GW190929_012149-v3,GW190929_012149-v3_H1_L1.csv,1253755325.5,1253755329.4997559,14290,15669,1253755325.5,1253755325.5,results/plots/GW190929_012149-v3_bruno_betaB.png
GW190930_133541-v1,GW190930_133541-v1_H1_L1.csv,1253885757.1999512,1253885761.199707,14997,16062,1253885757.1999512,1253885757.1999512,results/plots/GW190930_133541-v1_bruno_betaB.png
GW190930_133541-v2,GW190930_133541-v2_H1_L1.csv,1253885757.1999512,1253885761.199707,14997,16062,1253885757.1999512,1253885757.1999512,results/plots/GW190930_133541-v2_bruno_betaB.png
GW190930_133541-v3,GW190930_133541-v3_H1_L1.csv,1253885757.1999512,1253885761.199707,14997,16062,1253885757.1999512,1253885757.1999512,results/plots/GW190930_133541-v3_bruno_betaB.png
GW191103_012549-v1,GW191103_012549-v1_H1_L1.csv,1256779565.5,1256779569.4997559,15528,16331,1256779565.5,1256779565.5,results/plots/GW191103_012549-v1_bruno_betaB.png
GW191105_143521-v1,GW191105_143521-v1_H1_L1.csv,1256999737.8999023,1256999741.8996582,14562,16272,1256999737.8999023,1256999737.8999023,results/plots/GW191105_143521-v1_bruno_betaB.png
GW191109_010717-v1,GW191109_010717-v1_H1_L1.csv,1257296853.1999512,1257296857.199707,15631,16076,1257296853.1999512,1257296853.1999512,results/plots/GW191109_010717-v1_bruno_betaB.png
GW191113_071753-v1,GW191113_071753-v1_H1_L1.csv,1257664689.7998047,1257664693.7995605,14811,16333,1257664689.7998047,1257664689.7998047,results/plots/GW191113_071753-v1_bruno_betaB.png
GW191126_115259-v1,GW191126_115259-v1_H1_L1.csv,1258804395.5998535,1258804399.5996094,14928,15947,1258804395.5998535,1258804395.5998535,results/plots/GW191126_115259-v1_bruno_betaB.png
GW191127_050227-v1,GW191127_050227-v1_H1_L1.csv,1258866163.5,1258866167.4997559,14363,15636,1258866163.5,1258866163.5,results/plots/GW191127_050227-v1_bruno_betaB.png
GW191129_134029-v1,GW191129_134029-v1_H1_L1.csv,1259070045.0998535,1259070049.0996094,14869,15920,1259070045.0998535,1259070045.0998535,results/plots/GW191129_134029-v1_bruno_betaB.png
GW191204_110529-v1,GW191204_110529-v1_H1_L1.csv,1259492745.5,1259492749.4997559,15020,15934,1259492745.5,1259492745.5,results/plots/GW191204_110529-v1_bruno_betaB.png
GW191204_171526-v1,GW191204_171526-v1_H1_L1.csv,1259514942.0,1259514945.9997559,15457,16027,1259514942.0,1259514942.0,results/plots/GW191204_171526-v1_bruno_betaB.png
GW191215_223052-v1,GW191215_223052-v1_H1_L1.csv,1260484268.2998047,1260484272.2995605,15054,15973,1260484268.2998047,1260484268.2998047,results/plots/GW191215_223052-v1_bruno_betaB.png
GW191219_163120-v1,GW191219_163120-v1_H1_L1.csv,1260808296.3999023,1260808300.3996582,14749,16174,1260808296.3999023,1260808296.3999023,results/plots/GW191219_163120-v1_bruno_betaB.png
GW191222_033537-v1,GW191222_033537-v1_H1_L1.csv,1261020953.0998535,1261020957.0996094,14461,16097,1261020953.0998535,1261020953.0998535,results/plots/GW191222_033537-v1_bruno_betaB.png
GW191230_180458-v1,GW191230_180458-v1_H1_L1.csv,1261764314.3999023,1261764318.3996582,15229,15718,1261764314.3999023,1261764314.3999023,results/plots/GW191230_180458-v1_bruno_betaB.png
GW200115-v1,GW200115-v1_H1_L1.csv,1263097405.6999512,1263097409.699707,13792,16280,1263097405.6999512,1263097405.6999512,results/plots/GW200115-v1_bruno_betaB.png
GW200115_042309-v2,GW200115_042309-v2_H1_L1.csv,1263097405.6999512,1263097409.699707,13792,16280,1263097405.6999512,1263097405.6999512,results/plots/GW200115_042309-v2_bruno_betaB.png
GW200128_022011-v1,GW200128_022011-v1_H1_L1.csv,1264213227.8999023,1264213231.8996582,14928,16209,1264213227.8999023,1264213227.8999023,results/plots/GW200128_022011-v1_bruno_betaB.png
GW200129_065458-v1,GW200129_065458-v1_H1_L1.csv,1264316114.3999023,1264316118.3996582,13392,16161,1264316114.3999023,1264316114.3999023,results/plots/GW200129_065458-v1_bruno_betaB.png
GW200202_154313-v1,GW200202_154313-v1_H1_L1.csv,1264693409.5,1264693413.4997559,13325,16282,1264693409.5,1264693409.5,results/plots/GW200202_154313-v1_bruno_betaB.png
GW200208_130117-v1,GW200208_130117-v1_H1_L1.csv,1265202093.8999023,1265202097.8996582,13491,16240,1265202093.8999023,1265202093.8999023,results/plots/GW200208_130117-v1_bruno_betaB.png
GW200208_222617-v1,GW200208_222617-v1_H1_L1.csv,1265235993.8999023,1265235997.8996582,13901,16303,1265235993.8999023,1265235993.8999023,results/plots/GW200208_222617-v1_bruno_betaB.png
GW200209_085452-v1,GW200209_085452-v1_H1_L1.csv,1265273708.0998535,1265273712.0996094,13346,16229,1265273708.0998535,1265273708.0998535,results/plots/GW200209_085452-v1_bruno_betaB.png
GW200210_092254-v1,GW200210_092254-v1_H1_L1.csv,1265361790.8999023,1265361794.8996582,12485,16276,1265361790.8999023,1265361790.8999023,results/plots/GW200210_092254-v1_bruno_betaB.png
GW200216_220804-v1,GW200216_220804-v1_H1_L1.csv,1265926100.7998047,1265926104.7995605,14079,16247,1265926100.7998047,1265926100.7998047,results/plots/GW200216_220804-v1_bruno_betaB.png
GW200219_094415-v1,GW200219_094415-v1_H1_L1.csv,1266140671.0998535,1266140675.0996094,14717,16175,1266140671.0998535,1266140671.0998535,results/plots/GW200219_094415-v1_bruno_betaB.png
GW200220_061928-v1,GW200220_061928-v1_H1_L1.csv,1266214784.6999512,1266214788.699707,14848,16223,1266214784.7001953,1266214784.6999512,results/plots/GW200220_061928-v1_bruno_betaB.png
GW200220_124850-v1,GW200220_124850-v1_H1_L1.csv,1266238146.0998535,1266238150.0996094,13536,16156,1266238146.0998535,1266238146.0998535,results/plots/GW200220_124850-v1_bruno_betaB.png
GW200224_222234-v1,GW200224_222234-v1_H1_L1.csv,1266618170.3999023,1266618174.3996582,14260,16231,1266618170.3999023,1266618170.3999023,results/plots/GW200224_222234-v1_bruno_betaB.png
GW200225_060421-v1,GW200225_060421-v1_H1_L1.csv,1266645877.2998047,1266645881.2995605,11957,16232,1266645877.2998047,1266645877.2998047,results/plots/GW200225_060421-v1_bruno_betaB.png
GW200306_093714-v1,GW200306_093714-v1_H1_L1.csv,1267522650.0998535,1267522654.0996094,13129,16101,1267522650.1000977,1267522650.0998535,results/plots/GW200306_093714-v1_bruno_betaB.png
GW200308_173609-v1,GW200308_173609-v1_H1_L1.csv,1267724185.6999512,1267724189.699707,14450,16280,1267724185.6999512,1267724185.6999512,results/plots/GW200308_173609-v1_bruno_betaB.png
GW200311_115853-v1,GW200311_115853-v1_H1_L1.csv,1267963149.2998047,1267963153.2995605,14248,16272,1267963149.2998047,1267963149.2998047,results/plots/GW200311_115853-v1_bruno_betaB.png
GW200316_215756-v1,GW200316_215756-v1_H1_L1.csv,1268431092.0998535,1268431096.0996094,14121,16325,1268431092.0998535,1268431092.0998535,results/plots/GW200316_215756-v1_bruno_betaB.png
GW200322_091133-v1,GW200322_091133-v1_H1_L1.csv,1268903509.2998047,1268903513.2995605,14466,16268,1268903509.2998047,1268903509.2998047,results/plots/GW200322_091133-v1_bruno_betaB.png
blind_injection-v1,blind_injection-v1_H1_L1.csv,968654555.8999023,968654559.8996582,16378,16378,968654555.8999023,968654555.8999023,results/plots/blind_injection-v1_bruno_betaB.png
